2026-02-18T12:20:12.783303Z  INFO main ThreadId(01) startup.banner.pretty: crates\newengine-core\src\startup\logging.rs: === newengine-core STARTUP ===
version      : 0.1.0
target       : x86_64 (windows)
pid          : 1156
exe          : C:\Users\Aiden\Documents\Kayla's Systems\NewEngine\neocore2\target\debug\editor.exe
cwd          : C:\Users\Aiden\Documents\Kayla's Systems\NewEngine\neocore2

cpu          : Intel(R) Core(TM) i7-6950X CPU @ 3.00GHz
cpu.cores    : 20
ram.total_mb : 32604
gpu          : NVIDIA GeForce GTX 1080 Ti
vram.mb      : 11106
directx      : D3D12 feature_level=12_1

log.mode     : console+file
log.filter   : debug,newengine_render=debug
log.file     : logs/editor.log
log.colors   : true
log.timestamp: millis
log.target   : stderr
build.ts     : unknown
=== STARTUP END ===
2026-02-18T12:20:12.783486Z  INFO main ThreadId(01) startup.banner: crates\newengine-core\src\startup\logging.rs: startup engine=newengine-core ver=0.1.0 target=x86_64 os=windows pid=1156 exe="C:\Users\Aiden\Documents\Kayla's Systems\NewEngine\neocore2\target\debug\editor.exe" cwd="C:\Users\Aiden\Documents\Kayla's Systems\NewEngine\neocore2" cpu="Intel(R) Core(TM) i7-6950X CPU @ 3.00GHz" cores=20 ram_mb=32604 gpu="NVIDIA GeForce GTX 1080 Ti" vram_mb=11106 dx="D3D12 feature_level=12_1" log_mode=console+file log_filter="debug,newengine_render=debug" log_file="logs/editor.log" build_ts="unknown"
2026-02-18T12:20:12.783875Z DEBUG main ThreadId(01) newengine_math::registry: crates\newengine-math\src\registry.rs: math.register id='newengine.math.vec2.dot.v1' provider='newengine.core' sig=Signature { inputs: [Vec2, Vec2], output: F32 }
2026-02-18T12:20:12.783967Z DEBUG main ThreadId(01) newengine_math::registry: crates\newengine-math\src\registry.rs: math.register id='newengine.math.vec2.length_sq.v1' provider='newengine.core' sig=Signature { inputs: [Vec2], output: F32 }
2026-02-18T12:20:12.784053Z DEBUG main ThreadId(01) newengine_math::registry: crates\newengine-math\src\registry.rs: math.register id='newengine.math.vec2.length.v1' provider='newengine.core' sig=Signature { inputs: [Vec2], output: F32 }
2026-02-18T12:20:12.784138Z DEBUG main ThreadId(01) newengine_math::registry: crates\newengine-math\src\registry.rs: math.register id='newengine.math.vec2.normalize.v1' provider='newengine.core' sig=Signature { inputs: [Vec2], output: Vec2 }
2026-02-18T12:20:12.784259Z DEBUG main ThreadId(01) newengine_math::registry: crates\newengine-math\src\registry.rs: math.register id='newengine.math.vec3.dot.v1' provider='newengine.core' sig=Signature { inputs: [Vec3, Vec3], output: F32 }
2026-02-18T12:20:12.784356Z DEBUG main ThreadId(01) newengine_math::registry: crates\newengine-math\src\registry.rs: math.register id='newengine.math.vec3.cross.v1' provider='newengine.core' sig=Signature { inputs: [Vec3, Vec3], output: Vec3 }
2026-02-18T12:20:12.784441Z DEBUG main ThreadId(01) newengine_math::registry: crates\newengine-math\src\registry.rs: math.register id='newengine.math.vec3.length_sq.v1' provider='newengine.core' sig=Signature { inputs: [Vec3], output: F32 }
2026-02-18T12:20:12.784529Z DEBUG main ThreadId(01) newengine_math::registry: crates\newengine-math\src\registry.rs: math.register id='newengine.math.vec3.length.v1' provider='newengine.core' sig=Signature { inputs: [Vec3], output: F32 }
2026-02-18T12:20:12.784622Z DEBUG main ThreadId(01) newengine_math::registry: crates\newengine-math\src\registry.rs: math.register id='newengine.math.vec3.normalize.v1' provider='newengine.core' sig=Signature { inputs: [Vec3], output: Vec3 }
2026-02-18T12:20:12.784707Z DEBUG main ThreadId(01) newengine_math::registry: crates\newengine-math\src\registry.rs: math.register id='newengine.math.quat.mul.v1' provider='newengine.core' sig=Signature { inputs: [Quat, Quat], output: Quat }
2026-02-18T12:20:12.784790Z DEBUG main ThreadId(01) newengine_math::registry: crates\newengine-math\src\registry.rs: math.register id='newengine.math.quat.rotate_vec3.v1' provider='newengine.core' sig=Signature { inputs: [Quat, Vec3], output: Vec3 }
2026-02-18T12:20:12.784877Z DEBUG main ThreadId(01) newengine_math::registry: crates\newengine-math\src\registry.rs: math.register id='newengine.math.mat4.mul.v1' provider='newengine.core' sig=Signature { inputs: [Mat4, Mat4], output: Mat4 }
2026-02-18T12:20:12.784990Z DEBUG main ThreadId(01) newengine_math::registry: crates\newengine-math\src\registry.rs: math.register id='newengine.math.mat4.transform_point3.v1' provider='newengine.core' sig=Signature { inputs: [Mat4, Vec3], output: Vec3 }
2026-02-18T12:20:12.785075Z DEBUG main ThreadId(01) newengine_math::registry: crates\newengine-math\src\registry.rs: math.register id='newengine.math.mat4.transform_vec3.v1' provider='newengine.core' sig=Signature { inputs: [Mat4, Vec3], output: Vec3 }
2026-02-18T12:20:12.785326Z  INFO main ThreadId(01) newengine_core::engine: C:\Users\Aiden\Documents\Kayla's Systems\NewEngine\neocore2\crates\newengine-core\src\engine.rs: plugins: starting (phase=load)
2026-02-18T12:20:12.785462Z  INFO main ThreadId(01) newengine_core::plugins::manager: crates\newengine-core\src\plugins\manager.rs: plugins: scanning directory 'C:\Users\Aiden\Documents\Kayla's Systems\NewEngine\neocore2\target\debug\../../engineModules'
2026-02-18T12:20:12.785741Z  INFO main ThreadId(01) newengine_core::plugins::manager: crates\newengine-core\src\plugins\manager.rs: plugins: found 2 candidate(s) in 'C:\Users\Aiden\Documents\Kayla's Systems\NewEngine\neocore2\target\debug\../../engineModules'
2026-02-18T12:20:12.785829Z  INFO main ThreadId(01) newengine_core::plugins::manager: crates\newengine-core\src\plugins\manager.rs: plugins: loading 'C:\Users\Aiden\Documents\Kayla's Systems\NewEngine\neocore2\target\debug\../../engineModules\assetManager-0.2.5-dev.dll'
2026-02-18T12:20:12.787410Z  WARN main ThreadId(01) newengine_core::plugins::host_api: crates\newengine-core\src\plugins\host_api.rs: assets: importer failed 'C:\Users\Aiden\Documents\Kayla's Systems\NewEngine\neocore2\target\debug\../../importers\audioimporter-0.2.4-dev.dll' err='GetProcAddress failed'
2026-02-18T12:20:12.787920Z  INFO main ThreadId(01) newengine_core::plugins::host_api: crates\newengine-core\src\plugins\host_api.rs: assets: importer loaded 'C:\Users\Aiden\Documents\Kayla's Systems\NewEngine\neocore2\target\debug\../../importers\fontImporter-0.2.0-dev.dll'
2026-02-18T12:20:12.788360Z  INFO main ThreadId(01) newengine_core::plugins::host_api: crates\newengine-core\src\plugins\host_api.rs: 3d-importer: service registered (kalitech.import.3d.v1)
2026-02-18T12:20:12.788577Z  INFO main ThreadId(01) newengine_core::plugins::host_api: crates\newengine-core\src\plugins\host_api.rs: assets: importer loaded 'C:\Users\Aiden\Documents\Kayla's Systems\NewEngine\neocore2\target\debug\../../importers\geometryImporter-0.1.0-dev.dll'
2026-02-18T12:20:12.789266Z  INFO main ThreadId(01) newengine_core::plugins::host_api: crates\newengine-core\src\plugins\host_api.rs: assets: importer discovered id='kalitech.import.image.v1' type='kalitech.asset.texture' priority=0 format='image' method='import_image_v1' ext_hint=false exts=["ico", "jpg", "jpeg", "gif", "tga", "bmp", "png", "svg", "dds", "webp"]
2026-02-18T12:20:12.789413Z  INFO main ThreadId(01) newengine_core::plugins::host_api: crates\newengine-core\src\plugins\host_api.rs: assets: importer loaded 'C:\Users\Aiden\Documents\Kayla's Systems\NewEngine\neocore2\target\debug\../../importers\imageImporter-0.2.4-dev.dll'
2026-02-18T12:20:12.789974Z  INFO main ThreadId(01) newengine_core::plugins::host_api: crates\newengine-core\src\plugins\host_api.rs: text-importer: providers registered ok=14 failed=0
2026-02-18T12:20:12.790128Z  INFO main ThreadId(01) newengine_core::plugins::host_api: crates\newengine-core\src\plugins\host_api.rs: assets: importer discovered id='kalitech.import.csv.v1' type='kalitech.asset.text' priority=100 format='csv' method='import_text_v1' ext_hint=true exts=["csv"]
2026-02-18T12:20:12.790278Z  INFO main ThreadId(01) newengine_core::plugins::host_api: crates\newengine-core\src\plugins\host_api.rs: assets: importer discovered id='kalitech.import.glsl.v1' type='kalitech.asset.text' priority=100 format='glsl' method='import_text_v1' ext_hint=true exts=["glsl"]
2026-02-18T12:20:12.790435Z  INFO main ThreadId(01) newengine_core::plugins::host_api: crates\newengine-core\src\plugins\host_api.rs: assets: importer discovered id='kalitech.import.hlsl.v1' type='kalitech.asset.text' priority=100 format='hlsl' method='import_text_v1' ext_hint=true exts=["hlsl"]
2026-02-18T12:20:12.790614Z  INFO main ThreadId(01) newengine_core::plugins::host_api: crates\newengine-core\src\plugins\host_api.rs: assets: importer discovered id='kalitech.import.html.v1' type='kalitech.asset.text' priority=100 format='html' method='import_text_v1' ext_hint=true exts=["htm", "html"]
2026-02-18T12:20:12.790783Z  INFO main ThreadId(01) newengine_core::plugins::host_api: crates\newengine-core\src\plugins\host_api.rs: assets: importer discovered id='kalitech.import.ini.v1' type='kalitech.asset.text' priority=100 format='ini' method='import_text_v1' ext_hint=true exts=["cfg", "ini"]
2026-02-18T12:20:12.790959Z  INFO main ThreadId(01) newengine_core::plugins::host_api: crates\newengine-core\src\plugins\host_api.rs: assets: importer discovered id='kalitech.import.json.v1' type='kalitech.asset.text' priority=100 format='json' method='import_text_v1' ext_hint=true exts=["json"]
2026-02-18T12:20:12.791105Z  INFO main ThreadId(01) newengine_core::plugins::host_api: crates\newengine-core\src\plugins\host_api.rs: assets: importer discovered id='kalitech.import.ron.v1' type='kalitech.asset.text' priority=100 format='ron' method='import_text_v1' ext_hint=true exts=["ron"]
2026-02-18T12:20:12.791258Z  INFO main ThreadId(01) newengine_core::plugins::host_api: crates\newengine-core\src\plugins\host_api.rs: assets: importer discovered id='kalitech.import.shader.v1' type='kalitech.asset.text' priority=100 format='shader' method='import_text_v1' ext_hint=true exts=["comp", "frag", "vert"]
2026-02-18T12:20:12.791408Z  INFO main ThreadId(01) newengine_core::plugins::host_api: crates\newengine-core\src\plugins\host_api.rs: assets: importer discovered id='kalitech.import.toml.v1' type='kalitech.asset.text' priority=100 format='toml' method='import_text_v1' ext_hint=true exts=["toml"]
2026-02-18T12:20:12.791556Z  INFO main ThreadId(01) newengine_core::plugins::host_api: crates\newengine-core\src\plugins\host_api.rs: assets: importer discovered id='kalitech.import.txt.v1' type='kalitech.asset.text' priority=100 format='txt' method='import_text_v1' ext_hint=true exts=["md", "txt"]
2026-02-18T12:20:12.791733Z  INFO main ThreadId(01) newengine_core::plugins::host_api: crates\newengine-core\src\plugins\host_api.rs: assets: importer discovered id='kalitech.import.ui.v1' type='kalitech.asset.text' priority=100 format='ui' method='import_text_v1' ext_hint=true exts=["ui"]
2026-02-18T12:20:12.791880Z  INFO main ThreadId(01) newengine_core::plugins::host_api: crates\newengine-core\src\plugins\host_api.rs: assets: importer discovered id='kalitech.import.wgsl.v1' type='kalitech.asset.text' priority=100 format='wgsl' method='import_text_v1' ext_hint=true exts=["wgsl"]
2026-02-18T12:20:12.792046Z  INFO main ThreadId(01) newengine_core::plugins::host_api: crates\newengine-core\src\plugins\host_api.rs: assets: importer discovered id='kalitech.import.xml.v1' type='kalitech.asset.text' priority=100 format='xml' method='import_text_v1' ext_hint=true exts=["xml"]
2026-02-18T12:20:12.792216Z  INFO main ThreadId(01) newengine_core::plugins::host_api: crates\newengine-core\src\plugins\host_api.rs: assets: importer discovered id='kalitech.import.yaml.v1' type='kalitech.asset.text' priority=100 format='yaml' method='import_text_v1' ext_hint=true exts=["yaml", "yml"]
2026-02-18T12:20:12.792336Z  INFO main ThreadId(01) newengine_core::plugins::host_api: crates\newengine-core\src\plugins\host_api.rs: assets: importer loaded 'C:\Users\Aiden\Documents\Kayla's Systems\NewEngine\neocore2\target\debug\../../importers\textimporter-0.2.4-dev.dll'
2026-02-18T12:20:12.792419Z  INFO main ThreadId(01) newengine_core::plugins::host_api: crates\newengine-core\src\plugins\host_api.rs: assets: initialized
2026-02-18T12:20:12.792521Z  INFO main ThreadId(01) newengine_core::plugins::manager: crates\newengine-core\src\plugins\manager.rs: plugins: loaded id='assetManager' ver='0.2.5' from 'C:\Users\Aiden\Documents\Kayla's Systems\NewEngine\neocore2\target\debug\../../engineModules\assetManager-0.2.5-dev.dll'
2026-02-18T12:20:12.792645Z  INFO main ThreadId(01) newengine_core::plugins::manager: crates\newengine-core\src\plugins\manager.rs: plugins: loading 'C:\Users\Aiden\Documents\Kayla's Systems\NewEngine\neocore2\target\debug\../../engineModules\input-0.1.9-dev.dll'
2026-02-18T12:20:12.798049Z  INFO main ThreadId(01) newengine_core::plugins::host_api: crates\newengine-core\src\plugins\host_api.rs: input: initialized (events + gilrs)
2026-02-18T12:20:12.798155Z  INFO main ThreadId(01) newengine_core::plugins::manager: crates\newengine-core\src\plugins\manager.rs: plugins: loaded id='input' ver='0.1.9' from 'C:\Users\Aiden\Documents\Kayla's Systems\NewEngine\neocore2\target\debug\../../engineModules\input-0.1.9-dev.dll'
2026-02-18T12:20:12.798398Z  INFO main ThreadId(01) newengine_core::engine: C:\Users\Aiden\Documents\Kayla's Systems\NewEngine\neocore2\crates\newengine-core\src\engine.rs: plugins: done (phase=load count=2 elapsed_ms=12)
2026-02-18T12:20:12.968036Z  WARN main ThreadId(01) newengine_modules_render_vulkan_ash::vulkan::renderer::init: crates\newengine-modules-render-vulkan-ash\src\vulkan\renderer\init.rs: Vulkan validation layer not found; running without validation.
2026-02-18T12:20:13.176290Z DEBUG main ThreadId(01) newengine_core::engine: C:\Users\Aiden\Documents\Kayla's Systems\NewEngine\neocore2\crates\newengine-core\src\engine.rs: plugins: load skipped (already loaded)
2026-02-18T12:20:13.176406Z  INFO main ThreadId(01) newengine_core::engine: C:\Users\Aiden\Documents\Kayla's Systems\NewEngine\neocore2\crates\newengine-core\src\engine.rs: plugins: diagnostics tag='after module init' loaded=2
2026-02-18T12:20:13.176528Z  INFO main ThreadId(01) newengine_core::engine: C:\Users\Aiden\Documents\Kayla's Systems\NewEngine\neocore2\crates\newengine-core\src\engine.rs: plugins: diag [01/02] id='assetManager' ver='0.2.5' state='registered'
2026-02-18T12:20:13.176605Z  INFO main ThreadId(01) newengine_core::engine: C:\Users\Aiden\Documents\Kayla's Systems\NewEngine\neocore2\crates\newengine-core\src\engine.rs: plugins: diag [02/02] id='input' ver='0.1.9' state='registered'
2026-02-18T12:20:13.176688Z DEBUG main ThreadId(01) newengine_core::engine: C:\Users\Aiden\Documents\Kayla's Systems\NewEngine\neocore2\crates\newengine-core\src\engine.rs: plugins: diag.debug id='assetManager' ver='0.2.5' kind=Some(Runtime) caps=2 path='C:\Users\Aiden\Documents\Kayla's Systems\NewEngine\neocore2\target\debug\../../engineModules\assetManager-0.2.5-dev.dll'
2026-02-18T12:20:13.176772Z DEBUG main ThreadId(01) newengine_core::engine: C:\Users\Aiden\Documents\Kayla's Systems\NewEngine\neocore2\crates\newengine-core\src\engine.rs: plugins: diag.debug id='input' ver='0.1.9' kind=Some(Runtime) caps=2 path='C:\Users\Aiden\Documents\Kayla's Systems\NewEngine\neocore2\target\debug\../../engineModules\input-0.1.9-dev.dll'
2026-02-18T12:20:13.196039Z DEBUG main ThreadId(01) editor::render_controller::gpu: apps\editor\src\render_controller\gpu.rs: asset.read ok kind=text rel='shaders/editor_lit.vert' path='C:\Users\Aiden\Documents\Kayla's Systems\NewEngine\neocore2\assets\shaders/editor_lit.vert' bytes=297
2026-02-18T12:20:13.196201Z DEBUG main ThreadId(01) editor::render_controller::gpu: apps\editor\src\render_controller\gpu.rs: asset.read ok kind=text rel='shaders/editor_lit.frag' path='C:\Users\Aiden\Documents\Kayla's Systems\NewEngine\neocore2\assets\shaders/editor_lit.frag' bytes=391
2026-02-18T12:20:13.603372Z DEBUG main ThreadId(01) editor::render_controller::gpu: apps\editor\src\render_controller\gpu.rs: asset.read ok kind=text rel='shaders/editor_grid.vert' path='C:\Users\Aiden\Documents\Kayla's Systems\NewEngine\neocore2\assets\shaders/editor_grid.vert' bytes=274
2026-02-18T12:20:13.603539Z DEBUG main ThreadId(01) editor::render_controller::gpu: apps\editor\src\render_controller\gpu.rs: asset.read ok kind=text rel='shaders/editor_grid.frag' path='C:\Users\Aiden\Documents\Kayla's Systems\NewEngine\neocore2\assets\shaders/editor_grid.frag' bytes=124
2026-02-18T12:22:12.635432Z  INFO main ThreadId(01) newengine_core::plugins::manager: crates\newengine-core\src\plugins\manager.rs: plugins: scanning directory 'C:\Users\Aiden\Documents\Kayla's Systems\NewEngine\neocore2\target\debug\../../engineModules'
2026-02-18T12:22:12.635695Z  INFO main ThreadId(01) newengine_core::plugins::manager: crates\newengine-core\src\plugins\manager.rs: plugins: found 2 candidate(s) in 'C:\Users\Aiden\Documents\Kayla's Systems\NewEngine\neocore2\target\debug\../../engineModules'
2026-02-18T12:22:12.635776Z  INFO main ThreadId(01) newengine_core::plugins::manager: crates\newengine-core\src\plugins\manager.rs: plugins: loading 'C:\Users\Aiden\Documents\Kayla's Systems\NewEngine\neocore2\target\debug\../../engineModules\assetManager-0.2.5-dev.dll'
2026-02-18T12:22:12.635963Z  WARN main ThreadId(01) newengine_core::plugins::manager: crates\newengine-core\src\plugins\manager.rs: plugins: duplicate id='assetManager' from 'C:\Users\Aiden\Documents\Kayla's Systems\NewEngine\neocore2\target\debug\../../engineModules\assetManager-0.2.5-dev.dll' ignored (already loaded)
2026-02-18T12:22:12.636095Z  INFO main ThreadId(01) newengine_core::plugins::manager: crates\newengine-core\src\plugins\manager.rs: plugins: loading 'C:\Users\Aiden\Documents\Kayla's Systems\NewEngine\neocore2\target\debug\../../engineModules\input-0.1.9-dev.dll'
2026-02-18T12:22:12.638495Z  WARN main ThreadId(01) newengine_core::plugins::manager: crates\newengine-core\src\plugins\manager.rs: plugins: duplicate id='input' from 'C:\Users\Aiden\Documents\Kayla's Systems\NewEngine\neocore2\target\debug\../../engineModules\input-0.1.9-dev.dll' ignored (already loaded)
2026-02-18T12:22:13.023955Z  INFO main ThreadId(01) newengine_core::plugins::manager: crates\newengine-core\src\plugins\manager.rs: plugins: scanning directory 'C:\Users\Aiden\Documents\Kayla's Systems\NewEngine\neocore2\target\debug\../../engineModules'
2026-02-18T12:22:13.024249Z  INFO main ThreadId(01) newengine_core::plugins::manager: crates\newengine-core\src\plugins\manager.rs: plugins: found 2 candidate(s) in 'C:\Users\Aiden\Documents\Kayla's Systems\NewEngine\neocore2\target\debug\../../engineModules'
2026-02-18T12:22:13.024335Z  INFO main ThreadId(01) newengine_core::plugins::manager: crates\newengine-core\src\plugins\manager.rs: plugins: loading 'C:\Users\Aiden\Documents\Kayla's Systems\NewEngine\neocore2\target\debug\../../engineModules\assetManager-0.2.5-dev.dll'
2026-02-18T12:22:13.024520Z  WARN main ThreadId(01) newengine_core::plugins::manager: crates\newengine-core\src\plugins\manager.rs: plugins: duplicate id='assetManager' from 'C:\Users\Aiden\Documents\Kayla's Systems\NewEngine\neocore2\target\debug\../../engineModules\assetManager-0.2.5-dev.dll' ignored (already loaded)
2026-02-18T12:22:13.024616Z  INFO main ThreadId(01) newengine_core::plugins::manager: crates\newengine-core\src\plugins\manager.rs: plugins: loading 'C:\Users\Aiden\Documents\Kayla's Systems\NewEngine\neocore2\target\debug\../../engineModules\input-0.1.9-dev.dll'
2026-02-18T12:22:13.027019Z  WARN main ThreadId(01) newengine_core::plugins::manager: crates\newengine-core\src\plugins\manager.rs: plugins: duplicate id='input' from 'C:\Users\Aiden\Documents\Kayla's Systems\NewEngine\neocore2\target\debug\../../engineModules\input-0.1.9-dev.dll' ignored (already loaded)
2026-02-18T12:22:13.241295Z  INFO main ThreadId(01) newengine_core::plugins::manager: crates\newengine-core\src\plugins\manager.rs: plugins: scanning directory 'C:\Users\Aiden\Documents\Kayla's Systems\NewEngine\neocore2\target\debug\../../engineModules'
2026-02-18T12:22:13.241578Z  INFO main ThreadId(01) newengine_core::plugins::manager: crates\newengine-core\src\plugins\manager.rs: plugins: found 2 candidate(s) in 'C:\Users\Aiden\Documents\Kayla's Systems\NewEngine\neocore2\target\debug\../../engineModules'
2026-02-18T12:22:13.241663Z  INFO main ThreadId(01) newengine_core::plugins::manager: crates\newengine-core\src\plugins\manager.rs: plugins: loading 'C:\Users\Aiden\Documents\Kayla's Systems\NewEngine\neocore2\target\debug\../../engineModules\assetManager-0.2.5-dev.dll'
2026-02-18T12:22:13.241848Z  WARN main ThreadId(01) newengine_core::plugins::manager: crates\newengine-core\src\plugins\manager.rs: plugins: duplicate id='assetManager' from 'C:\Users\Aiden\Documents\Kayla's Systems\NewEngine\neocore2\target\debug\../../engineModules\assetManager-0.2.5-dev.dll' ignored (already loaded)
2026-02-18T12:22:13.241942Z  INFO main ThreadId(01) newengine_core::plugins::manager: crates\newengine-core\src\plugins\manager.rs: plugins: loading 'C:\Users\Aiden\Documents\Kayla's Systems\NewEngine\neocore2\target\debug\../../engineModules\input-0.1.9-dev.dll'
2026-02-18T12:22:13.244341Z  WARN main ThreadId(01) newengine_core::plugins::manager: crates\newengine-core\src\plugins\manager.rs: plugins: duplicate id='input' from 'C:\Users\Aiden\Documents\Kayla's Systems\NewEngine\neocore2\target\debug\../../engineModules\input-0.1.9-dev.dll' ignored (already loaded)
2026-02-18T12:46:22.875355Z  INFO main ThreadId(01) startup.banner.pretty: crates\newengine-core\src\startup\logging.rs: === newengine-core STARTUP ===
version      : 0.1.0
target       : x86_64 (windows)
pid          : 8712
exe          : C:\Users\Aiden\Documents\Kayla's Systems\NewEngine\neocore2\target\debug\editor.exe
cwd          : C:\Users\Aiden\Documents\Kayla's Systems\NewEngine\neocore2

cpu          : Intel(R) Core(TM) i7-6950X CPU @ 3.00GHz
cpu.cores    : 20
ram.total_mb : 32604
gpu          : NVIDIA GeForce GTX 1080 Ti
vram.mb      : 11106
directx      : D3D12 feature_level=12_1

log.mode     : console+file
log.filter   : debug,newengine_render=debug
log.file     : logs/editor.log
log.colors   : true
log.timestamp: millis
log.target   : stderr
build.ts     : unknown
=== STARTUP END ===
2026-02-18T12:46:22.875519Z  INFO main ThreadId(01) startup.banner: crates\newengine-core\src\startup\logging.rs: startup engine=newengine-core ver=0.1.0 target=x86_64 os=windows pid=8712 exe="C:\Users\Aiden\Documents\Kayla's Systems\NewEngine\neocore2\target\debug\editor.exe" cwd="C:\Users\Aiden\Documents\Kayla's Systems\NewEngine\neocore2" cpu="Intel(R) Core(TM) i7-6950X CPU @ 3.00GHz" cores=20 ram_mb=32604 gpu="NVIDIA GeForce GTX 1080 Ti" vram_mb=11106 dx="D3D12 feature_level=12_1" log_mode=console+file log_filter="debug,newengine_render=debug" log_file="logs/editor.log" build_ts="unknown"
2026-02-18T12:46:22.875913Z DEBUG main ThreadId(01) newengine_math::registry: crates\newengine-math\src\registry.rs: math.register id='newengine.math.vec2.dot.v1' provider='newengine.core' sig=Signature { inputs: [Vec2, Vec2], output: F32 }
2026-02-18T12:46:22.876062Z DEBUG main ThreadId(01) newengine_math::registry: crates\newengine-math\src\registry.rs: math.register id='newengine.math.vec2.length_sq.v1' provider='newengine.core' sig=Signature { inputs: [Vec2], output: F32 }
2026-02-18T12:46:22.876175Z DEBUG main ThreadId(01) newengine_math::registry: crates\newengine-math\src\registry.rs: math.register id='newengine.math.vec2.length.v1' provider='newengine.core' sig=Signature { inputs: [Vec2], output: F32 }
2026-02-18T12:46:22.876283Z DEBUG main ThreadId(01) newengine_math::registry: crates\newengine-math\src\registry.rs: math.register id='newengine.math.vec2.normalize.v1' provider='newengine.core' sig=Signature { inputs: [Vec2], output: Vec2 }
2026-02-18T12:46:22.876403Z DEBUG main ThreadId(01) newengine_math::registry: crates\newengine-math\src\registry.rs: math.register id='newengine.math.vec3.dot.v1' provider='newengine.core' sig=Signature { inputs: [Vec3, Vec3], output: F32 }
2026-02-18T12:46:22.876520Z DEBUG main ThreadId(01) newengine_math::registry: crates\newengine-math\src\registry.rs: math.register id='newengine.math.vec3.cross.v1' provider='newengine.core' sig=Signature { inputs: [Vec3, Vec3], output: Vec3 }
2026-02-18T12:46:22.876694Z DEBUG main ThreadId(01) newengine_math::registry: crates\newengine-math\src\registry.rs: math.register id='newengine.math.vec3.length_sq.v1' provider='newengine.core' sig=Signature { inputs: [Vec3], output: F32 }
2026-02-18T12:46:22.876822Z DEBUG main ThreadId(01) newengine_math::registry: crates\newengine-math\src\registry.rs: math.register id='newengine.math.vec3.length.v1' provider='newengine.core' sig=Signature { inputs: [Vec3], output: F32 }
2026-02-18T12:46:22.876933Z DEBUG main ThreadId(01) newengine_math::registry: crates\newengine-math\src\registry.rs: math.register id='newengine.math.vec3.normalize.v1' provider='newengine.core' sig=Signature { inputs: [Vec3], output: Vec3 }
2026-02-18T12:46:22.877057Z DEBUG main ThreadId(01) newengine_math::registry: crates\newengine-math\src\registry.rs: math.register id='newengine.math.quat.mul.v1' provider='newengine.core' sig=Signature { inputs: [Quat, Quat], output: Quat }
2026-02-18T12:46:22.877182Z DEBUG main ThreadId(01) newengine_math::registry: crates\newengine-math\src\registry.rs: math.register id='newengine.math.quat.rotate_vec3.v1' provider='newengine.core' sig=Signature { inputs: [Quat, Vec3], output: Vec3 }
2026-02-18T12:46:22.877298Z DEBUG main ThreadId(01) newengine_math::registry: crates\newengine-math\src\registry.rs: math.register id='newengine.math.mat4.mul.v1' provider='newengine.core' sig=Signature { inputs: [Mat4, Mat4], output: Mat4 }
2026-02-18T12:46:22.877408Z DEBUG main ThreadId(01) newengine_math::registry: crates\newengine-math\src\registry.rs: math.register id='newengine.math.mat4.transform_point3.v1' provider='newengine.core' sig=Signature { inputs: [Mat4, Vec3], output: Vec3 }
2026-02-18T12:46:22.877506Z DEBUG main ThreadId(01) newengine_math::registry: crates\newengine-math\src\registry.rs: math.register id='newengine.math.mat4.transform_vec3.v1' provider='newengine.core' sig=Signature { inputs: [Mat4, Vec3], output: Vec3 }
2026-02-18T12:46:22.877760Z  INFO main ThreadId(01) newengine_core::engine: C:\Users\Aiden\Documents\Kayla's Systems\NewEngine\neocore2\crates\newengine-core\src\engine.rs: plugins: starting (phase=load)
2026-02-18T12:46:22.877871Z  INFO main ThreadId(01) newengine_core::plugins::manager: crates\newengine-core\src\plugins\manager.rs: plugins: scanning directory 'C:\Users\Aiden\Documents\Kayla's Systems\NewEngine\neocore2\target\debug\../../engineModules'
2026-02-18T12:46:22.878142Z  INFO main ThreadId(01) newengine_core::plugins::manager: crates\newengine-core\src\plugins\manager.rs: plugins: found 2 candidate(s) in 'C:\Users\Aiden\Documents\Kayla's Systems\NewEngine\neocore2\target\debug\../../engineModules'
2026-02-18T12:46:22.878243Z  INFO main ThreadId(01) newengine_core::plugins::manager: crates\newengine-core\src\plugins\manager.rs: plugins: loading 'C:\Users\Aiden\Documents\Kayla's Systems\NewEngine\neocore2\target\debug\../../engineModules\assetManager-0.2.5-dev.dll'
2026-02-18T12:46:22.879816Z  WARN main ThreadId(01) newengine_core::plugins::host_api: crates\newengine-core\src\plugins\host_api.rs: assets: importer failed 'C:\Users\Aiden\Documents\Kayla's Systems\NewEngine\neocore2\target\debug\../../importers\audioimporter-0.2.4-dev.dll' err='GetProcAddress failed'
2026-02-18T12:46:22.880359Z  INFO main ThreadId(01) newengine_core::plugins::host_api: crates\newengine-core\src\plugins\host_api.rs: assets: importer loaded 'C:\Users\Aiden\Documents\Kayla's Systems\NewEngine\neocore2\target\debug\../../importers\fontImporter-0.2.0-dev.dll'
2026-02-18T12:46:22.880811Z  INFO main ThreadId(01) newengine_core::plugins::host_api: crates\newengine-core\src\plugins\host_api.rs: 3d-importer: service registered (kalitech.import.3d.v1)
2026-02-18T12:46:22.881047Z  INFO main ThreadId(01) newengine_core::plugins::host_api: crates\newengine-core\src\plugins\host_api.rs: assets: importer loaded 'C:\Users\Aiden\Documents\Kayla's Systems\NewEngine\neocore2\target\debug\../../importers\geometryImporter-0.1.0-dev.dll'
2026-02-18T12:46:22.881768Z  INFO main ThreadId(01) newengine_core::plugins::host_api: crates\newengine-core\src\plugins\host_api.rs: assets: importer discovered id='kalitech.import.image.v1' type='kalitech.asset.texture' priority=0 format='image' method='import_image_v1' ext_hint=false exts=["ico", "jpg", "jpeg", "gif", "tga", "bmp", "png", "svg", "dds", "webp"]
2026-02-18T12:46:22.881931Z  INFO main ThreadId(01) newengine_core::plugins::host_api: crates\newengine-core\src\plugins\host_api.rs: assets: importer loaded 'C:\Users\Aiden\Documents\Kayla's Systems\NewEngine\neocore2\target\debug\../../importers\imageImporter-0.2.4-dev.dll'
2026-02-18T12:46:22.882446Z  INFO main ThreadId(01) newengine_core::plugins::host_api: crates\newengine-core\src\plugins\host_api.rs: text-importer: providers registered ok=14 failed=0
2026-02-18T12:46:22.882608Z  INFO main ThreadId(01) newengine_core::plugins::host_api: crates\newengine-core\src\plugins\host_api.rs: assets: importer discovered id='kalitech.import.csv.v1' type='kalitech.asset.text' priority=100 format='csv' method='import_text_v1' ext_hint=true exts=["csv"]
2026-02-18T12:46:22.882790Z  INFO main ThreadId(01) newengine_core::plugins::host_api: crates\newengine-core\src\plugins\host_api.rs: assets: importer discovered id='kalitech.import.glsl.v1' type='kalitech.asset.text' priority=100 format='glsl' method='import_text_v1' ext_hint=true exts=["glsl"]
2026-02-18T12:46:22.882970Z  INFO main ThreadId(01) newengine_core::plugins::host_api: crates\newengine-core\src\plugins\host_api.rs: assets: importer discovered id='kalitech.import.hlsl.v1' type='kalitech.asset.text' priority=100 format='hlsl' method='import_text_v1' ext_hint=true exts=["hlsl"]
2026-02-18T12:46:22.883163Z  INFO main ThreadId(01) newengine_core::plugins::host_api: crates\newengine-core\src\plugins\host_api.rs: assets: importer discovered id='kalitech.import.html.v1' type='kalitech.asset.text' priority=100 format='html' method='import_text_v1' ext_hint=true exts=["htm", "html"]
2026-02-18T12:46:22.883355Z  INFO main ThreadId(01) newengine_core::plugins::host_api: crates\newengine-core\src\plugins\host_api.rs: assets: importer discovered id='kalitech.import.ini.v1' type='kalitech.asset.text' priority=100 format='ini' method='import_text_v1' ext_hint=true exts=["cfg", "ini"]
2026-02-18T12:46:22.883522Z  INFO main ThreadId(01) newengine_core::plugins::host_api: crates\newengine-core\src\plugins\host_api.rs: assets: importer discovered id='kalitech.import.json.v1' type='kalitech.asset.text' priority=100 format='json' method='import_text_v1' ext_hint=true exts=["json"]
2026-02-18T12:46:22.883704Z  INFO main ThreadId(01) newengine_core::plugins::host_api: crates\newengine-core\src\plugins\host_api.rs: assets: importer discovered id='kalitech.import.ron.v1' type='kalitech.asset.text' priority=100 format='ron' method='import_text_v1' ext_hint=true exts=["ron"]
2026-02-18T12:46:22.883886Z  INFO main ThreadId(01) newengine_core::plugins::host_api: crates\newengine-core\src\plugins\host_api.rs: assets: importer discovered id='kalitech.import.shader.v1' type='kalitech.asset.text' priority=100 format='shader' method='import_text_v1' ext_hint=true exts=["comp", "frag", "vert"]
2026-02-18T12:46:22.884054Z  INFO main ThreadId(01) newengine_core::plugins::host_api: crates\newengine-core\src\plugins\host_api.rs: assets: importer discovered id='kalitech.import.toml.v1' type='kalitech.asset.text' priority=100 format='toml' method='import_text_v1' ext_hint=true exts=["toml"]
2026-02-18T12:46:22.884234Z  INFO main ThreadId(01) newengine_core::plugins::host_api: crates\newengine-core\src\plugins\host_api.rs: assets: importer discovered id='kalitech.import.txt.v1' type='kalitech.asset.text' priority=100 format='txt' method='import_text_v1' ext_hint=true exts=["md", "txt"]
2026-02-18T12:46:22.884443Z  INFO main ThreadId(01) newengine_core::plugins::host_api: crates\newengine-core\src\plugins\host_api.rs: assets: importer discovered id='kalitech.import.ui.v1' type='kalitech.asset.text' priority=100 format='ui' method='import_text_v1' ext_hint=true exts=["ui"]
2026-02-18T12:46:22.884612Z  INFO main ThreadId(01) newengine_core::plugins::host_api: crates\newengine-core\src\plugins\host_api.rs: assets: importer discovered id='kalitech.import.wgsl.v1' type='kalitech.asset.text' priority=100 format='wgsl' method='import_text_v1' ext_hint=true exts=["wgsl"]
2026-02-18T12:46:22.884789Z  INFO main ThreadId(01) newengine_core::plugins::host_api: crates\newengine-core\src\plugins\host_api.rs: assets: importer discovered id='kalitech.import.xml.v1' type='kalitech.asset.text' priority=100 format='xml' method='import_text_v1' ext_hint=true exts=["xml"]
2026-02-18T12:46:22.884996Z  INFO main ThreadId(01) newengine_core::plugins::host_api: crates\newengine-core\src\plugins\host_api.rs: assets: importer discovered id='kalitech.import.yaml.v1' type='kalitech.asset.text' priority=100 format='yaml' method='import_text_v1' ext_hint=true exts=["yaml", "yml"]
2026-02-18T12:46:22.885129Z  INFO main ThreadId(01) newengine_core::plugins::host_api: crates\newengine-core\src\plugins\host_api.rs: assets: importer loaded 'C:\Users\Aiden\Documents\Kayla's Systems\NewEngine\neocore2\target\debug\../../importers\textimporter-0.2.4-dev.dll'
2026-02-18T12:46:22.885213Z  INFO main ThreadId(01) newengine_core::plugins::host_api: crates\newengine-core\src\plugins\host_api.rs: assets: initialized
2026-02-18T12:46:22.885309Z  INFO main ThreadId(01) newengine_core::plugins::manager: crates\newengine-core\src\plugins\manager.rs: plugins: loaded id='assetManager' ver='0.2.5' from 'C:\Users\Aiden\Documents\Kayla's Systems\NewEngine\neocore2\target\debug\../../engineModules\assetManager-0.2.5-dev.dll'
2026-02-18T12:46:22.885428Z  INFO main ThreadId(01) newengine_core::plugins::manager: crates\newengine-core\src\plugins\manager.rs: plugins: loading 'C:\Users\Aiden\Documents\Kayla's Systems\NewEngine\neocore2\target\debug\../../engineModules\input-0.1.9-dev.dll'
2026-02-18T12:46:22.891091Z  INFO main ThreadId(01) newengine_core::plugins::host_api: crates\newengine-core\src\plugins\host_api.rs: input: initialized (events + gilrs)
2026-02-18T12:46:22.891220Z  INFO main ThreadId(01) newengine_core::plugins::manager: crates\newengine-core\src\plugins\manager.rs: plugins: loaded id='input' ver='0.1.9' from 'C:\Users\Aiden\Documents\Kayla's Systems\NewEngine\neocore2\target\debug\../../engineModules\input-0.1.9-dev.dll'
2026-02-18T12:46:22.891456Z  INFO main ThreadId(01) newengine_core::engine: C:\Users\Aiden\Documents\Kayla's Systems\NewEngine\neocore2\crates\newengine-core\src\engine.rs: plugins: done (phase=load count=2 elapsed_ms=13)
2026-02-18T12:46:22.892024Z  WARN main ThreadId(01) editor: apps\editor\src\main.rs: window icon: wait_ready failed path='ui/engine.ico' err='Transport("unknown method: asset_state")'
2026-02-18T12:49:00.997557Z  INFO main ThreadId(01) startup.banner.pretty: crates\newengine-core\src\startup\logging.rs: === newengine-core STARTUP ===
version      : 0.1.0
target       : x86_64 (windows)
pid          : 17336
exe          : C:\Users\Aiden\Documents\Kayla's Systems\NewEngine\neocore2\target\debug\editor.exe
cwd          : C:\Users\Aiden\Documents\Kayla's Systems\NewEngine\neocore2

cpu          : Intel(R) Core(TM) i7-6950X CPU @ 3.00GHz
cpu.cores    : 20
ram.total_mb : 32604
gpu          : NVIDIA GeForce GTX 1080 Ti
vram.mb      : 11106
directx      : D3D12 feature_level=12_1

log.mode     : console+file
log.filter   : debug,newengine_render=debug
log.file     : logs/editor.log
log.colors   : true
log.timestamp: millis
log.target   : stderr
build.ts     : unknown
=== STARTUP END ===
2026-02-18T12:49:00.997736Z  INFO main ThreadId(01) startup.banner: crates\newengine-core\src\startup\logging.rs: startup engine=newengine-core ver=0.1.0 target=x86_64 os=windows pid=17336 exe="C:\Users\Aiden\Documents\Kayla's Systems\NewEngine\neocore2\target\debug\editor.exe" cwd="C:\Users\Aiden\Documents\Kayla's Systems\NewEngine\neocore2" cpu="Intel(R) Core(TM) i7-6950X CPU @ 3.00GHz" cores=20 ram_mb=32604 gpu="NVIDIA GeForce GTX 1080 Ti" vram_mb=11106 dx="D3D12 feature_level=12_1" log_mode=console+file log_filter="debug,newengine_render=debug" log_file="logs/editor.log" build_ts="unknown"
2026-02-18T12:49:00.997958Z DEBUG main ThreadId(01) newengine_math::registry: crates\newengine-math\src\registry.rs: math.register id='newengine.math.vec2.dot.v1' provider='newengine.core' sig=Signature { inputs: [Vec2, Vec2], output: F32 }
2026-02-18T12:49:00.998054Z DEBUG main ThreadId(01) newengine_math::registry: crates\newengine-math\src\registry.rs: math.register id='newengine.math.vec2.length_sq.v1' provider='newengine.core' sig=Signature { inputs: [Vec2], output: F32 }
2026-02-18T12:49:00.998141Z DEBUG main ThreadId(01) newengine_math::registry: crates\newengine-math\src\registry.rs: math.register id='newengine.math.vec2.length.v1' provider='newengine.core' sig=Signature { inputs: [Vec2], output: F32 }
2026-02-18T12:49:00.998232Z DEBUG main ThreadId(01) newengine_math::registry: crates\newengine-math\src\registry.rs: math.register id='newengine.math.vec2.normalize.v1' provider='newengine.core' sig=Signature { inputs: [Vec2], output: Vec2 }
2026-02-18T12:49:00.998321Z DEBUG main ThreadId(01) newengine_math::registry: crates\newengine-math\src\registry.rs: math.register id='newengine.math.vec3.dot.v1' provider='newengine.core' sig=Signature { inputs: [Vec3, Vec3], output: F32 }
2026-02-18T12:49:00.998407Z DEBUG main ThreadId(01) newengine_math::registry: crates\newengine-math\src\registry.rs: math.register id='newengine.math.vec3.cross.v1' provider='newengine.core' sig=Signature { inputs: [Vec3, Vec3], output: Vec3 }
2026-02-18T12:49:00.998491Z DEBUG main ThreadId(01) newengine_math::registry: crates\newengine-math\src\registry.rs: math.register id='newengine.math.vec3.length_sq.v1' provider='newengine.core' sig=Signature { inputs: [Vec3], output: F32 }
2026-02-18T12:49:00.998594Z DEBUG main ThreadId(01) newengine_math::registry: crates\newengine-math\src\registry.rs: math.register id='newengine.math.vec3.length.v1' provider='newengine.core' sig=Signature { inputs: [Vec3], output: F32 }
2026-02-18T12:49:00.998690Z DEBUG main ThreadId(01) newengine_math::registry: crates\newengine-math\src\registry.rs: math.register id='newengine.math.vec3.normalize.v1' provider='newengine.core' sig=Signature { inputs: [Vec3], output: Vec3 }
2026-02-18T12:49:00.998806Z DEBUG main ThreadId(01) newengine_math::registry: crates\newengine-math\src\registry.rs: math.register id='newengine.math.quat.mul.v1' provider='newengine.core' sig=Signature { inputs: [Quat, Quat], output: Quat }
2026-02-18T12:49:00.998927Z DEBUG main ThreadId(01) newengine_math::registry: crates\newengine-math\src\registry.rs: math.register id='newengine.math.quat.rotate_vec3.v1' provider='newengine.core' sig=Signature { inputs: [Quat, Vec3], output: Vec3 }
2026-02-18T12:49:00.999036Z DEBUG main ThreadId(01) newengine_math::registry: crates\newengine-math\src\registry.rs: math.register id='newengine.math.mat4.mul.v1' provider='newengine.core' sig=Signature { inputs: [Mat4, Mat4], output: Mat4 }
2026-02-18T12:49:00.999143Z DEBUG main ThreadId(01) newengine_math::registry: crates\newengine-math\src\registry.rs: math.register id='newengine.math.mat4.transform_point3.v1' provider='newengine.core' sig=Signature { inputs: [Mat4, Vec3], output: Vec3 }
2026-02-18T12:49:00.999249Z DEBUG main ThreadId(01) newengine_math::registry: crates\newengine-math\src\registry.rs: math.register id='newengine.math.mat4.transform_vec3.v1' provider='newengine.core' sig=Signature { inputs: [Mat4, Vec3], output: Vec3 }
2026-02-18T12:49:00.999392Z  INFO main ThreadId(01) newengine_core::engine: C:\Users\Aiden\Documents\Kayla's Systems\NewEngine\neocore2\crates\newengine-core\src\engine.rs: plugins: starting (phase=load)
2026-02-18T12:49:00.999487Z  INFO main ThreadId(01) newengine_core::plugins::manager: crates\newengine-core\src\plugins\manager.rs: plugins: scanning directory 'C:\Users\Aiden\Documents\Kayla's Systems\NewEngine\neocore2\target\debug\../../engineModules'
2026-02-18T12:49:00.999737Z  INFO main ThreadId(01) newengine_core::plugins::manager: crates\newengine-core\src\plugins\manager.rs: plugins: found 2 candidate(s) in 'C:\Users\Aiden\Documents\Kayla's Systems\NewEngine\neocore2\target\debug\../../engineModules'
2026-02-18T12:49:00.999841Z  INFO main ThreadId(01) newengine_core::plugins::manager: crates\newengine-core\src\plugins\manager.rs: plugins: loading 'C:\Users\Aiden\Documents\Kayla's Systems\NewEngine\neocore2\target\debug\../../engineModules\assetManager-0.2.5-dev.dll'
2026-02-18T12:49:01.001296Z  WARN main ThreadId(01) newengine_core::plugins::host_api: crates\newengine-core\src\plugins\host_api.rs: assets: importer failed 'C:\Users\Aiden\Documents\Kayla's Systems\NewEngine\neocore2\target\debug\../../importers\audioimporter-0.2.4-dev.dll' err='GetProcAddress failed'
2026-02-18T12:49:01.001778Z  INFO main ThreadId(01) newengine_core::plugins::host_api: crates\newengine-core\src\plugins\host_api.rs: assets: importer loaded 'C:\Users\Aiden\Documents\Kayla's Systems\NewEngine\neocore2\target\debug\../../importers\fontImporter-0.2.0-dev.dll'
2026-02-18T12:49:01.002277Z  INFO main ThreadId(01) newengine_core::plugins::host_api: crates\newengine-core\src\plugins\host_api.rs: 3d-importer: service registered (kalitech.import.3d.v1)
2026-02-18T12:49:01.002493Z  INFO main ThreadId(01) newengine_core::plugins::host_api: crates\newengine-core\src\plugins\host_api.rs: assets: importer loaded 'C:\Users\Aiden\Documents\Kayla's Systems\NewEngine\neocore2\target\debug\../../importers\geometryImporter-0.1.0-dev.dll'
2026-02-18T12:49:01.003192Z  INFO main ThreadId(01) newengine_core::plugins::host_api: crates\newengine-core\src\plugins\host_api.rs: assets: importer discovered id='kalitech.import.image.v1' type='kalitech.asset.texture' priority=0 format='image' method='import_image_v1' ext_hint=false exts=["ico", "jpg", "jpeg", "gif", "tga", "bmp", "png", "svg", "dds", "webp"]
2026-02-18T12:49:01.003345Z  INFO main ThreadId(01) newengine_core::plugins::host_api: crates\newengine-core\src\plugins\host_api.rs: assets: importer loaded 'C:\Users\Aiden\Documents\Kayla's Systems\NewEngine\neocore2\target\debug\../../importers\imageImporter-0.2.4-dev.dll'
2026-02-18T12:49:01.003874Z  INFO main ThreadId(01) newengine_core::plugins::host_api: crates\newengine-core\src\plugins\host_api.rs: text-importer: providers registered ok=14 failed=0
2026-02-18T12:49:01.004024Z  INFO main ThreadId(01) newengine_core::plugins::host_api: crates\newengine-core\src\plugins\host_api.rs: assets: importer discovered id='kalitech.import.csv.v1' type='kalitech.asset.text' priority=100 format='csv' method='import_text_v1' ext_hint=true exts=["csv"]
2026-02-18T12:49:01.004196Z  INFO main ThreadId(01) newengine_core::plugins::host_api: crates\newengine-core\src\plugins\host_api.rs: assets: importer discovered id='kalitech.import.glsl.v1' type='kalitech.asset.text' priority=100 format='glsl' method='import_text_v1' ext_hint=true exts=["glsl"]
2026-02-18T12:49:01.004350Z  INFO main ThreadId(01) newengine_core::plugins::host_api: crates\newengine-core\src\plugins\host_api.rs: assets: importer discovered id='kalitech.import.hlsl.v1' type='kalitech.asset.text' priority=100 format='hlsl' method='import_text_v1' ext_hint=true exts=["hlsl"]
2026-02-18T12:49:01.004524Z  INFO main ThreadId(01) newengine_core::plugins::host_api: crates\newengine-core\src\plugins\host_api.rs: assets: importer discovered id='kalitech.import.html.v1' type='kalitech.asset.text' priority=100 format='html' method='import_text_v1' ext_hint=true exts=["htm", "html"]
2026-02-18T12:49:01.004685Z  INFO main ThreadId(01) newengine_core::plugins::host_api: crates\newengine-core\src\plugins\host_api.rs: assets: importer discovered id='kalitech.import.ini.v1' type='kalitech.asset.text' priority=100 format='ini' method='import_text_v1' ext_hint=true exts=["cfg", "ini"]
2026-02-18T12:49:01.004836Z  INFO main ThreadId(01) newengine_core::plugins::host_api: crates\newengine-core\src\plugins\host_api.rs: assets: importer discovered id='kalitech.import.json.v1' type='kalitech.asset.text' priority=100 format='json' method='import_text_v1' ext_hint=true exts=["json"]
2026-02-18T12:49:01.004985Z  INFO main ThreadId(01) newengine_core::plugins::host_api: crates\newengine-core\src\plugins\host_api.rs: assets: importer discovered id='kalitech.import.ron.v1' type='kalitech.asset.text' priority=100 format='ron' method='import_text_v1' ext_hint=true exts=["ron"]
2026-02-18T12:49:01.005141Z  INFO main ThreadId(01) newengine_core::plugins::host_api: crates\newengine-core\src\plugins\host_api.rs: assets: importer discovered id='kalitech.import.shader.v1' type='kalitech.asset.text' priority=100 format='shader' method='import_text_v1' ext_hint=true exts=["comp", "frag", "vert"]
2026-02-18T12:49:01.005297Z  INFO main ThreadId(01) newengine_core::plugins::host_api: crates\newengine-core\src\plugins\host_api.rs: assets: importer discovered id='kalitech.import.toml.v1' type='kalitech.asset.text' priority=100 format='toml' method='import_text_v1' ext_hint=true exts=["toml"]
2026-02-18T12:49:01.005447Z  INFO main ThreadId(01) newengine_core::plugins::host_api: crates\newengine-core\src\plugins\host_api.rs: assets: importer discovered id='kalitech.import.txt.v1' type='kalitech.asset.text' priority=100 format='txt' method='import_text_v1' ext_hint=true exts=["md", "txt"]
2026-02-18T12:49:01.005621Z  INFO main ThreadId(01) newengine_core::plugins::host_api: crates\newengine-core\src\plugins\host_api.rs: assets: importer discovered id='kalitech.import.ui.v1' type='kalitech.asset.text' priority=100 format='ui' method='import_text_v1' ext_hint=true exts=["ui"]
2026-02-18T12:49:01.005769Z  INFO main ThreadId(01) newengine_core::plugins::host_api: crates\newengine-core\src\plugins\host_api.rs: assets: importer discovered id='kalitech.import.wgsl.v1' type='kalitech.asset.text' priority=100 format='wgsl' method='import_text_v1' ext_hint=true exts=["wgsl"]
2026-02-18T12:49:01.005916Z  INFO main ThreadId(01) newengine_core::plugins::host_api: crates\newengine-core\src\plugins\host_api.rs: assets: importer discovered id='kalitech.import.xml.v1' type='kalitech.asset.text' priority=100 format='xml' method='import_text_v1' ext_hint=true exts=["xml"]
2026-02-18T12:49:01.006093Z  INFO main ThreadId(01) newengine_core::plugins::host_api: crates\newengine-core\src\plugins\host_api.rs: assets: importer discovered id='kalitech.import.yaml.v1' type='kalitech.asset.text' priority=100 format='yaml' method='import_text_v1' ext_hint=true exts=["yaml", "yml"]
2026-02-18T12:49:01.006238Z  INFO main ThreadId(01) newengine_core::plugins::host_api: crates\newengine-core\src\plugins\host_api.rs: assets: importer loaded 'C:\Users\Aiden\Documents\Kayla's Systems\NewEngine\neocore2\target\debug\../../importers\textimporter-0.2.4-dev.dll'
2026-02-18T12:49:01.006325Z  INFO main ThreadId(01) newengine_core::plugins::host_api: crates\newengine-core\src\plugins\host_api.rs: assets: initialized
2026-02-18T12:49:01.006438Z  INFO main ThreadId(01) newengine_core::plugins::manager: crates\newengine-core\src\plugins\manager.rs: plugins: loaded id='assetManager' ver='0.2.5' from 'C:\Users\Aiden\Documents\Kayla's Systems\NewEngine\neocore2\target\debug\../../engineModules\assetManager-0.2.5-dev.dll'
2026-02-18T12:49:01.006554Z  INFO main ThreadId(01) newengine_core::plugins::manager: crates\newengine-core\src\plugins\manager.rs: plugins: loading 'C:\Users\Aiden\Documents\Kayla's Systems\NewEngine\neocore2\target\debug\../../engineModules\input-0.1.9-dev.dll'
2026-02-18T12:49:01.012147Z  INFO main ThreadId(01) newengine_core::plugins::host_api: crates\newengine-core\src\plugins\host_api.rs: input: initialized (events + gilrs)
2026-02-18T12:49:01.012254Z  INFO main ThreadId(01) newengine_core::plugins::manager: crates\newengine-core\src\plugins\manager.rs: plugins: loaded id='input' ver='0.1.9' from 'C:\Users\Aiden\Documents\Kayla's Systems\NewEngine\neocore2\target\debug\../../engineModules\input-0.1.9-dev.dll'
2026-02-18T12:49:01.012457Z  INFO main ThreadId(01) newengine_core::engine: C:\Users\Aiden\Documents\Kayla's Systems\NewEngine\neocore2\crates\newengine-core\src\engine.rs: plugins: done (phase=load count=2 elapsed_ms=12)
2026-02-18T12:49:01.012838Z  WARN main ThreadId(01) editor: apps\editor\src\main.rs: window icon: wait_ready failed path='ui/engine.ico' err='Transport("unknown method: asset_state")'
2026-02-18T12:57:35.304304Z  INFO main ThreadId(01) startup.banner.pretty: crates\newengine-core\src\startup\logging.rs: === newengine-core STARTUP ===
version      : 0.1.0
target       : x86_64 (windows)
pid          : 5320
exe          : C:\Users\Aiden\Documents\Kayla's Systems\NewEngine\neocore2\target\debug\editor.exe
cwd          : C:\Users\Aiden\Documents\Kayla's Systems\NewEngine\neocore2

cpu          : Intel(R) Core(TM) i7-6950X CPU @ 3.00GHz
cpu.cores    : 20
ram.total_mb : 32604
gpu          : NVIDIA GeForce GTX 1080 Ti
vram.mb      : 11106
directx      : D3D12 feature_level=12_1

log.mode     : console+file
log.filter   : debug,newengine_render=debug
log.file     : logs/editor.log
log.colors   : true
log.timestamp: millis
log.target   : stderr
build.ts     : unknown
=== STARTUP END ===
2026-02-18T12:57:35.304466Z  INFO main ThreadId(01) startup.banner: crates\newengine-core\src\startup\logging.rs: startup engine=newengine-core ver=0.1.0 target=x86_64 os=windows pid=5320 exe="C:\Users\Aiden\Documents\Kayla's Systems\NewEngine\neocore2\target\debug\editor.exe" cwd="C:\Users\Aiden\Documents\Kayla's Systems\NewEngine\neocore2" cpu="Intel(R) Core(TM) i7-6950X CPU @ 3.00GHz" cores=20 ram_mb=32604 gpu="NVIDIA GeForce GTX 1080 Ti" vram_mb=11106 dx="D3D12 feature_level=12_1" log_mode=console+file log_filter="debug,newengine_render=debug" log_file="logs/editor.log" build_ts="unknown"
2026-02-18T12:57:35.304868Z DEBUG main ThreadId(01) newengine_math::registry: crates\newengine-math\src\registry.rs: math.register id='newengine.math.vec2.dot.v1' provider='newengine.core' sig=Signature { inputs: [Vec2, Vec2], output: F32 }
2026-02-18T12:57:35.304984Z DEBUG main ThreadId(01) newengine_math::registry: crates\newengine-math\src\registry.rs: math.register id='newengine.math.vec2.length_sq.v1' provider='newengine.core' sig=Signature { inputs: [Vec2], output: F32 }
2026-02-18T12:57:35.305083Z DEBUG main ThreadId(01) newengine_math::registry: crates\newengine-math\src\registry.rs: math.register id='newengine.math.vec2.length.v1' provider='newengine.core' sig=Signature { inputs: [Vec2], output: F32 }
2026-02-18T12:57:35.305224Z DEBUG main ThreadId(01) newengine_math::registry: crates\newengine-math\src\registry.rs: math.register id='newengine.math.vec2.normalize.v1' provider='newengine.core' sig=Signature { inputs: [Vec2], output: Vec2 }
2026-02-18T12:57:35.305355Z DEBUG main ThreadId(01) newengine_math::registry: crates\newengine-math\src\registry.rs: math.register id='newengine.math.vec3.dot.v1' provider='newengine.core' sig=Signature { inputs: [Vec3, Vec3], output: F32 }
2026-02-18T12:57:35.305457Z DEBUG main ThreadId(01) newengine_math::registry: crates\newengine-math\src\registry.rs: math.register id='newengine.math.vec3.cross.v1' provider='newengine.core' sig=Signature { inputs: [Vec3, Vec3], output: Vec3 }
2026-02-18T12:57:35.305569Z DEBUG main ThreadId(01) newengine_math::registry: crates\newengine-math\src\registry.rs: math.register id='newengine.math.vec3.length_sq.v1' provider='newengine.core' sig=Signature { inputs: [Vec3], output: F32 }
2026-02-18T12:57:35.305710Z DEBUG main ThreadId(01) newengine_math::registry: crates\newengine-math\src\registry.rs: math.register id='newengine.math.vec3.length.v1' provider='newengine.core' sig=Signature { inputs: [Vec3], output: F32 }
2026-02-18T12:57:35.305840Z DEBUG main ThreadId(01) newengine_math::registry: crates\newengine-math\src\registry.rs: math.register id='newengine.math.vec3.normalize.v1' provider='newengine.core' sig=Signature { inputs: [Vec3], output: Vec3 }
2026-02-18T12:57:35.305966Z DEBUG main ThreadId(01) newengine_math::registry: crates\newengine-math\src\registry.rs: math.register id='newengine.math.quat.mul.v1' provider='newengine.core' sig=Signature { inputs: [Quat, Quat], output: Quat }
2026-02-18T12:57:35.306071Z DEBUG main ThreadId(01) newengine_math::registry: crates\newengine-math\src\registry.rs: math.register id='newengine.math.quat.rotate_vec3.v1' provider='newengine.core' sig=Signature { inputs: [Quat, Vec3], output: Vec3 }
2026-02-18T12:57:35.306171Z DEBUG main ThreadId(01) newengine_math::registry: crates\newengine-math\src\registry.rs: math.register id='newengine.math.mat4.mul.v1' provider='newengine.core' sig=Signature { inputs: [Mat4, Mat4], output: Mat4 }
2026-02-18T12:57:35.306286Z DEBUG main ThreadId(01) newengine_math::registry: crates\newengine-math\src\registry.rs: math.register id='newengine.math.mat4.transform_point3.v1' provider='newengine.core' sig=Signature { inputs: [Mat4, Vec3], output: Vec3 }
2026-02-18T12:57:35.306390Z DEBUG main ThreadId(01) newengine_math::registry: crates\newengine-math\src\registry.rs: math.register id='newengine.math.mat4.transform_vec3.v1' provider='newengine.core' sig=Signature { inputs: [Mat4, Vec3], output: Vec3 }
2026-02-18T12:57:35.306664Z  INFO main ThreadId(01) newengine_core::engine: C:\Users\Aiden\Documents\Kayla's Systems\NewEngine\neocore2\crates\newengine-core\src\engine.rs: plugins: starting (phase=load)
2026-02-18T12:57:35.306786Z  INFO main ThreadId(01) newengine_core::plugins::manager: crates\newengine-core\src\plugins\manager.rs: plugins: scanning directory 'C:\Users\Aiden\Documents\Kayla's Systems\NewEngine\neocore2\target\debug\../../engineModules'
2026-02-18T12:57:35.307068Z  INFO main ThreadId(01) newengine_core::plugins::manager: crates\newengine-core\src\plugins\manager.rs: plugins: found 2 candidate(s) in 'C:\Users\Aiden\Documents\Kayla's Systems\NewEngine\neocore2\target\debug\../../engineModules'
2026-02-18T12:57:35.307198Z  INFO main ThreadId(01) newengine_core::plugins::manager: crates\newengine-core\src\plugins\manager.rs: plugins: loading 'C:\Users\Aiden\Documents\Kayla's Systems\NewEngine\neocore2\target\debug\../../engineModules\assetManager-0.2.5-dev.dll'
2026-02-18T12:57:35.308929Z  WARN main ThreadId(01) newengine_core::plugins::host_api: crates\newengine-core\src\plugins\host_api.rs: assets: importer failed 'C:\Users\Aiden\Documents\Kayla's Systems\NewEngine\neocore2\target\debug\../../importers\audioimporter-0.2.4-dev.dll' err='GetProcAddress failed'
2026-02-18T12:57:35.309480Z  INFO main ThreadId(01) newengine_core::plugins::host_api: crates\newengine-core\src\plugins\host_api.rs: assets: importer loaded 'C:\Users\Aiden\Documents\Kayla's Systems\NewEngine\neocore2\target\debug\../../importers\fontImporter-0.2.0-dev.dll'
2026-02-18T12:57:35.309938Z  INFO main ThreadId(01) newengine_core::plugins::host_api: crates\newengine-core\src\plugins\host_api.rs: 3d-importer: service registered (kalitech.import.3d.v1)
2026-02-18T12:57:35.310190Z  INFO main ThreadId(01) newengine_core::plugins::host_api: crates\newengine-core\src\plugins\host_api.rs: assets: importer loaded 'C:\Users\Aiden\Documents\Kayla's Systems\NewEngine\neocore2\target\debug\../../importers\geometryImporter-0.1.0-dev.dll'
2026-02-18T12:57:35.310944Z  INFO main ThreadId(01) newengine_core::plugins::host_api: crates\newengine-core\src\plugins\host_api.rs: assets: importer discovered id='kalitech.import.image.v1' type='kalitech.asset.texture' priority=0 format='image' method='import_image_v1' ext_hint=false exts=["ico", "jpg", "jpeg", "gif", "tga", "bmp", "png", "svg", "dds", "webp"]
2026-02-18T12:57:35.311096Z  INFO main ThreadId(01) newengine_core::plugins::host_api: crates\newengine-core\src\plugins\host_api.rs: assets: importer loaded 'C:\Users\Aiden\Documents\Kayla's Systems\NewEngine\neocore2\target\debug\../../importers\imageImporter-0.2.4-dev.dll'
2026-02-18T12:57:35.311653Z  INFO main ThreadId(01) newengine_core::plugins::host_api: crates\newengine-core\src\plugins\host_api.rs: text-importer: providers registered ok=14 failed=0
2026-02-18T12:57:35.311837Z  INFO main ThreadId(01) newengine_core::plugins::host_api: crates\newengine-core\src\plugins\host_api.rs: assets: importer discovered id='kalitech.import.csv.v1' type='kalitech.asset.text' priority=100 format='csv' method='import_text_v1' ext_hint=true exts=["csv"]
2026-02-18T12:57:35.312009Z  INFO main ThreadId(01) newengine_core::plugins::host_api: crates\newengine-core\src\plugins\host_api.rs: assets: importer discovered id='kalitech.import.glsl.v1' type='kalitech.asset.text' priority=100 format='glsl' method='import_text_v1' ext_hint=true exts=["glsl"]
2026-02-18T12:57:35.312159Z  INFO main ThreadId(01) newengine_core::plugins::host_api: crates\newengine-core\src\plugins\host_api.rs: assets: importer discovered id='kalitech.import.hlsl.v1' type='kalitech.asset.text' priority=100 format='hlsl' method='import_text_v1' ext_hint=true exts=["hlsl"]
2026-02-18T12:57:35.312337Z  INFO main ThreadId(01) newengine_core::plugins::host_api: crates\newengine-core\src\plugins\host_api.rs: assets: importer discovered id='kalitech.import.html.v1' type='kalitech.asset.text' priority=100 format='html' method='import_text_v1' ext_hint=true exts=["htm", "html"]
2026-02-18T12:57:35.312506Z  INFO main ThreadId(01) newengine_core::plugins::host_api: crates\newengine-core\src\plugins\host_api.rs: assets: importer discovered id='kalitech.import.ini.v1' type='kalitech.asset.text' priority=100 format='ini' method='import_text_v1' ext_hint=true exts=["cfg", "ini"]
2026-02-18T12:57:35.312659Z  INFO main ThreadId(01) newengine_core::plugins::host_api: crates\newengine-core\src\plugins\host_api.rs: assets: importer discovered id='kalitech.import.json.v1' type='kalitech.asset.text' priority=100 format='json' method='import_text_v1' ext_hint=true exts=["json"]
2026-02-18T12:57:35.312807Z  INFO main ThreadId(01) newengine_core::plugins::host_api: crates\newengine-core\src\plugins\host_api.rs: assets: importer discovered id='kalitech.import.ron.v1' type='kalitech.asset.text' priority=100 format='ron' method='import_text_v1' ext_hint=true exts=["ron"]
2026-02-18T12:57:35.312962Z  INFO main ThreadId(01) newengine_core::plugins::host_api: crates\newengine-core\src\plugins\host_api.rs: assets: importer discovered id='kalitech.import.shader.v1' type='kalitech.asset.text' priority=100 format='shader' method='import_text_v1' ext_hint=true exts=["comp", "frag", "vert"]
2026-02-18T12:57:35.313114Z  INFO main ThreadId(01) newengine_core::plugins::host_api: crates\newengine-core\src\plugins\host_api.rs: assets: importer discovered id='kalitech.import.toml.v1' type='kalitech.asset.text' priority=100 format='toml' method='import_text_v1' ext_hint=true exts=["toml"]
2026-02-18T12:57:35.313265Z  INFO main ThreadId(01) newengine_core::plugins::host_api: crates\newengine-core\src\plugins\host_api.rs: assets: importer discovered id='kalitech.import.txt.v1' type='kalitech.asset.text' priority=100 format='txt' method='import_text_v1' ext_hint=true exts=["md", "txt"]
2026-02-18T12:57:35.313451Z  INFO main ThreadId(01) newengine_core::plugins::host_api: crates\newengine-core\src\plugins\host_api.rs: assets: importer discovered id='kalitech.import.ui.v1' type='kalitech.asset.text' priority=100 format='ui' method='import_text_v1' ext_hint=true exts=["ui"]
2026-02-18T12:57:35.313598Z  INFO main ThreadId(01) newengine_core::plugins::host_api: crates\newengine-core\src\plugins\host_api.rs: assets: importer discovered id='kalitech.import.wgsl.v1' type='kalitech.asset.text' priority=100 format='wgsl' method='import_text_v1' ext_hint=true exts=["wgsl"]
2026-02-18T12:57:35.313743Z  INFO main ThreadId(01) newengine_core::plugins::host_api: crates\newengine-core\src\plugins\host_api.rs: assets: importer discovered id='kalitech.import.xml.v1' type='kalitech.asset.text' priority=100 format='xml' method='import_text_v1' ext_hint=true exts=["xml"]
2026-02-18T12:57:35.313923Z  INFO main ThreadId(01) newengine_core::plugins::host_api: crates\newengine-core\src\plugins\host_api.rs: assets: importer discovered id='kalitech.import.yaml.v1' type='kalitech.asset.text' priority=100 format='yaml' method='import_text_v1' ext_hint=true exts=["yaml", "yml"]
2026-02-18T12:57:35.314084Z  INFO main ThreadId(01) newengine_core::plugins::host_api: crates\newengine-core\src\plugins\host_api.rs: assets: importer loaded 'C:\Users\Aiden\Documents\Kayla's Systems\NewEngine\neocore2\target\debug\../../importers\textimporter-0.2.4-dev.dll'
2026-02-18T12:57:35.314189Z  INFO main ThreadId(01) newengine_core::plugins::host_api: crates\newengine-core\src\plugins\host_api.rs: assets: initialized
2026-02-18T12:57:35.314292Z  INFO main ThreadId(01) newengine_core::plugins::manager: crates\newengine-core\src\plugins\manager.rs: plugins: loaded id='assetManager' ver='0.2.5' from 'C:\Users\Aiden\Documents\Kayla's Systems\NewEngine\neocore2\target\debug\../../engineModules\assetManager-0.2.5-dev.dll'
2026-02-18T12:57:35.314398Z  INFO main ThreadId(01) newengine_core::plugins::manager: crates\newengine-core\src\plugins\manager.rs: plugins: loading 'C:\Users\Aiden\Documents\Kayla's Systems\NewEngine\neocore2\target\debug\../../engineModules\input-0.1.9-dev.dll'
2026-02-18T12:57:35.320130Z  INFO main ThreadId(01) newengine_core::plugins::host_api: crates\newengine-core\src\plugins\host_api.rs: input: initialized (events + gilrs)
2026-02-18T12:57:35.320245Z  INFO main ThreadId(01) newengine_core::plugins::manager: crates\newengine-core\src\plugins\manager.rs: plugins: loaded id='input' ver='0.1.9' from 'C:\Users\Aiden\Documents\Kayla's Systems\NewEngine\neocore2\target\debug\../../engineModules\input-0.1.9-dev.dll'
2026-02-18T12:57:35.320480Z  INFO main ThreadId(01) newengine_core::engine: C:\Users\Aiden\Documents\Kayla's Systems\NewEngine\neocore2\crates\newengine-core\src\engine.rs: plugins: done (phase=load count=2 elapsed_ms=13)
2026-02-18T12:57:35.491734Z  WARN main ThreadId(01) newengine_modules_render_vulkan_ash::vulkan::renderer::init: crates\newengine-modules-render-vulkan-ash\src\vulkan\renderer\init.rs: Vulkan validation layer not found; running without validation.
2026-02-18T12:57:35.698378Z ERROR main ThreadId(01) newengine_platform_winit::app::handler: C:\Users\Aiden\Documents\Kayla's Systems\NewEngine\neocore2\crates\newengine-platform-winit\src\app\handler.rs: winit host fatal: module 'render.vulkan.ash' stage Init: Shader error: asset.wait_ready failed path='shaders/tri.vert' err='Failed("c172529fc2cfbdcdb575b386ce3ab533")'
2026-02-18T12:58:20.882362Z  INFO main ThreadId(01) startup.banner.pretty: crates\newengine-core\src\startup\logging.rs: === newengine-core STARTUP ===
version      : 0.1.0
target       : x86_64 (windows)
pid          : 13264
exe          : C:\Users\Aiden\Documents\Kayla's Systems\NewEngine\neocore2\target\debug\editor.exe
cwd          : C:\Users\Aiden\Documents\Kayla's Systems\NewEngine\neocore2

cpu          : Intel(R) Core(TM) i7-6950X CPU @ 3.00GHz
cpu.cores    : 20
ram.total_mb : 32604
gpu          : NVIDIA GeForce GTX 1080 Ti
vram.mb      : 11106
directx      : D3D12 feature_level=12_1

log.mode     : console+file
log.filter   : debug,newengine_render=debug
log.file     : logs/editor.log
log.colors   : true
log.timestamp: millis
log.target   : stderr
build.ts     : unknown
=== STARTUP END ===
2026-02-18T12:58:20.882551Z  INFO main ThreadId(01) startup.banner: crates\newengine-core\src\startup\logging.rs: startup engine=newengine-core ver=0.1.0 target=x86_64 os=windows pid=13264 exe="C:\Users\Aiden\Documents\Kayla's Systems\NewEngine\neocore2\target\debug\editor.exe" cwd="C:\Users\Aiden\Documents\Kayla's Systems\NewEngine\neocore2" cpu="Intel(R) Core(TM) i7-6950X CPU @ 3.00GHz" cores=20 ram_mb=32604 gpu="NVIDIA GeForce GTX 1080 Ti" vram_mb=11106 dx="D3D12 feature_level=12_1" log_mode=console+file log_filter="debug,newengine_render=debug" log_file="logs/editor.log" build_ts="unknown"
2026-02-18T12:58:20.882784Z DEBUG main ThreadId(01) newengine_math::registry: crates\newengine-math\src\registry.rs: math.register id='newengine.math.vec2.dot.v1' provider='newengine.core' sig=Signature { inputs: [Vec2, Vec2], output: F32 }
2026-02-18T12:58:20.882886Z DEBUG main ThreadId(01) newengine_math::registry: crates\newengine-math\src\registry.rs: math.register id='newengine.math.vec2.length_sq.v1' provider='newengine.core' sig=Signature { inputs: [Vec2], output: F32 }
2026-02-18T12:58:20.882971Z DEBUG main ThreadId(01) newengine_math::registry: crates\newengine-math\src\registry.rs: math.register id='newengine.math.vec2.length.v1' provider='newengine.core' sig=Signature { inputs: [Vec2], output: F32 }
2026-02-18T12:58:20.883060Z DEBUG main ThreadId(01) newengine_math::registry: crates\newengine-math\src\registry.rs: math.register id='newengine.math.vec2.normalize.v1' provider='newengine.core' sig=Signature { inputs: [Vec2], output: Vec2 }
2026-02-18T12:58:20.883146Z DEBUG main ThreadId(01) newengine_math::registry: crates\newengine-math\src\registry.rs: math.register id='newengine.math.vec3.dot.v1' provider='newengine.core' sig=Signature { inputs: [Vec3, Vec3], output: F32 }
2026-02-18T12:58:20.883250Z DEBUG main ThreadId(01) newengine_math::registry: crates\newengine-math\src\registry.rs: math.register id='newengine.math.vec3.cross.v1' provider='newengine.core' sig=Signature { inputs: [Vec3, Vec3], output: Vec3 }
2026-02-18T12:58:20.883341Z DEBUG main ThreadId(01) newengine_math::registry: crates\newengine-math\src\registry.rs: math.register id='newengine.math.vec3.length_sq.v1' provider='newengine.core' sig=Signature { inputs: [Vec3], output: F32 }
2026-02-18T12:58:20.883433Z DEBUG main ThreadId(01) newengine_math::registry: crates\newengine-math\src\registry.rs: math.register id='newengine.math.vec3.length.v1' provider='newengine.core' sig=Signature { inputs: [Vec3], output: F32 }
2026-02-18T12:58:20.883523Z DEBUG main ThreadId(01) newengine_math::registry: crates\newengine-math\src\registry.rs: math.register id='newengine.math.vec3.normalize.v1' provider='newengine.core' sig=Signature { inputs: [Vec3], output: Vec3 }
2026-02-18T12:58:20.883610Z DEBUG main ThreadId(01) newengine_math::registry: crates\newengine-math\src\registry.rs: math.register id='newengine.math.quat.mul.v1' provider='newengine.core' sig=Signature { inputs: [Quat, Quat], output: Quat }
2026-02-18T12:58:20.883697Z DEBUG main ThreadId(01) newengine_math::registry: crates\newengine-math\src\registry.rs: math.register id='newengine.math.quat.rotate_vec3.v1' provider='newengine.core' sig=Signature { inputs: [Quat, Vec3], output: Vec3 }
2026-02-18T12:58:20.883783Z DEBUG main ThreadId(01) newengine_math::registry: crates\newengine-math\src\registry.rs: math.register id='newengine.math.mat4.mul.v1' provider='newengine.core' sig=Signature { inputs: [Mat4, Mat4], output: Mat4 }
2026-02-18T12:58:20.883870Z DEBUG main ThreadId(01) newengine_math::registry: crates\newengine-math\src\registry.rs: math.register id='newengine.math.mat4.transform_point3.v1' provider='newengine.core' sig=Signature { inputs: [Mat4, Vec3], output: Vec3 }
2026-02-18T12:58:20.883956Z DEBUG main ThreadId(01) newengine_math::registry: crates\newengine-math\src\registry.rs: math.register id='newengine.math.mat4.transform_vec3.v1' provider='newengine.core' sig=Signature { inputs: [Mat4, Vec3], output: Vec3 }
2026-02-18T12:58:20.884105Z  INFO main ThreadId(01) newengine_core::engine: C:\Users\Aiden\Documents\Kayla's Systems\NewEngine\neocore2\crates\newengine-core\src\engine.rs: plugins: starting (phase=load)
2026-02-18T12:58:20.884199Z  INFO main ThreadId(01) newengine_core::plugins::manager: crates\newengine-core\src\plugins\manager.rs: plugins: scanning directory 'C:\Users\Aiden\Documents\Kayla's Systems\NewEngine\neocore2\target\debug\../../engineModules'
2026-02-18T12:58:20.884433Z  INFO main ThreadId(01) newengine_core::plugins::manager: crates\newengine-core\src\plugins\manager.rs: plugins: found 2 candidate(s) in 'C:\Users\Aiden\Documents\Kayla's Systems\NewEngine\neocore2\target\debug\../../engineModules'
2026-02-18T12:58:20.884516Z  INFO main ThreadId(01) newengine_core::plugins::manager: crates\newengine-core\src\plugins\manager.rs: plugins: loading 'C:\Users\Aiden\Documents\Kayla's Systems\NewEngine\neocore2\target\debug\../../engineModules\assetManager-0.2.5-dev.dll'
2026-02-18T12:58:20.885829Z  WARN main ThreadId(01) newengine_core::plugins::host_api: crates\newengine-core\src\plugins\host_api.rs: assets: importer failed 'C:\Users\Aiden\Documents\Kayla's Systems\NewEngine\neocore2\target\debug\../../importers\audioimporter-0.2.4-dev.dll' err='GetProcAddress failed'
2026-02-18T12:58:20.886290Z  INFO main ThreadId(01) newengine_core::plugins::host_api: crates\newengine-core\src\plugins\host_api.rs: assets: importer loaded 'C:\Users\Aiden\Documents\Kayla's Systems\NewEngine\neocore2\target\debug\../../importers\fontImporter-0.2.0-dev.dll'
2026-02-18T12:58:20.886657Z  INFO main ThreadId(01) newengine_core::plugins::host_api: crates\newengine-core\src\plugins\host_api.rs: 3d-importer: service registered (kalitech.import.3d.v1)
2026-02-18T12:58:20.886879Z  INFO main ThreadId(01) newengine_core::plugins::host_api: crates\newengine-core\src\plugins\host_api.rs: assets: importer loaded 'C:\Users\Aiden\Documents\Kayla's Systems\NewEngine\neocore2\target\debug\../../importers\geometryImporter-0.1.0-dev.dll'
2026-02-18T12:58:20.887439Z  INFO main ThreadId(01) newengine_core::plugins::host_api: crates\newengine-core\src\plugins\host_api.rs: assets: importer discovered id='kalitech.import.image.v1' type='kalitech.asset.texture' priority=0 format='image' method='import_image_v1' ext_hint=false exts=["ico", "jpg", "jpeg", "gif", "tga", "bmp", "png", "svg", "dds", "webp"]
2026-02-18T12:58:20.887652Z  INFO main ThreadId(01) newengine_core::plugins::host_api: crates\newengine-core\src\plugins\host_api.rs: assets: importer loaded 'C:\Users\Aiden\Documents\Kayla's Systems\NewEngine\neocore2\target\debug\../../importers\imageImporter-0.2.4-dev.dll'
2026-02-18T12:58:20.888100Z  INFO main ThreadId(01) newengine_core::plugins::host_api: crates\newengine-core\src\plugins\host_api.rs: text-importer: providers registered ok=14 failed=0
2026-02-18T12:58:20.888254Z  INFO main ThreadId(01) newengine_core::plugins::host_api: crates\newengine-core\src\plugins\host_api.rs: assets: importer discovered id='kalitech.import.csv.v1' type='kalitech.asset.text' priority=100 format='csv' method='import_text_v1' ext_hint=true exts=["csv"]
2026-02-18T12:58:20.888406Z  INFO main ThreadId(01) newengine_core::plugins::host_api: crates\newengine-core\src\plugins\host_api.rs: assets: importer discovered id='kalitech.import.glsl.v1' type='kalitech.asset.text' priority=100 format='glsl' method='import_text_v1' ext_hint=true exts=["glsl"]
2026-02-18T12:58:20.888555Z  INFO main ThreadId(01) newengine_core::plugins::host_api: crates\newengine-core\src\plugins\host_api.rs: assets: importer discovered id='kalitech.import.hlsl.v1' type='kalitech.asset.text' priority=100 format='hlsl' method='import_text_v1' ext_hint=true exts=["hlsl"]
2026-02-18T12:58:20.888728Z  INFO main ThreadId(01) newengine_core::plugins::host_api: crates\newengine-core\src\plugins\host_api.rs: assets: importer discovered id='kalitech.import.html.v1' type='kalitech.asset.text' priority=100 format='html' method='import_text_v1' ext_hint=true exts=["htm", "html"]
2026-02-18T12:58:20.888888Z  INFO main ThreadId(01) newengine_core::plugins::host_api: crates\newengine-core\src\plugins\host_api.rs: assets: importer discovered id='kalitech.import.ini.v1' type='kalitech.asset.text' priority=100 format='ini' method='import_text_v1' ext_hint=true exts=["cfg", "ini"]
2026-02-18T12:58:20.889042Z  INFO main ThreadId(01) newengine_core::plugins::host_api: crates\newengine-core\src\plugins\host_api.rs: assets: importer discovered id='kalitech.import.json.v1' type='kalitech.asset.text' priority=100 format='json' method='import_text_v1' ext_hint=true exts=["json"]
2026-02-18T12:58:20.889188Z  INFO main ThreadId(01) newengine_core::plugins::host_api: crates\newengine-core\src\plugins\host_api.rs: assets: importer discovered id='kalitech.import.ron.v1' type='kalitech.asset.text' priority=100 format='ron' method='import_text_v1' ext_hint=true exts=["ron"]
2026-02-18T12:58:20.889345Z  INFO main ThreadId(01) newengine_core::plugins::host_api: crates\newengine-core\src\plugins\host_api.rs: assets: importer discovered id='kalitech.import.shader.v1' type='kalitech.asset.text' priority=100 format='shader' method='import_text_v1' ext_hint=true exts=["comp", "frag", "vert"]
2026-02-18T12:58:20.889500Z  INFO main ThreadId(01) newengine_core::plugins::host_api: crates\newengine-core\src\plugins\host_api.rs: assets: importer discovered id='kalitech.import.toml.v1' type='kalitech.asset.text' priority=100 format='toml' method='import_text_v1' ext_hint=true exts=["toml"]
2026-02-18T12:58:20.889652Z  INFO main ThreadId(01) newengine_core::plugins::host_api: crates\newengine-core\src\plugins\host_api.rs: assets: importer discovered id='kalitech.import.txt.v1' type='kalitech.asset.text' priority=100 format='txt' method='import_text_v1' ext_hint=true exts=["md", "txt"]
2026-02-18T12:58:20.889822Z  INFO main ThreadId(01) newengine_core::plugins::host_api: crates\newengine-core\src\plugins\host_api.rs: assets: importer discovered id='kalitech.import.ui.v1' type='kalitech.asset.text' priority=100 format='ui' method='import_text_v1' ext_hint=true exts=["ui"]
2026-02-18T12:58:20.889997Z  INFO main ThreadId(01) newengine_core::plugins::host_api: crates\newengine-core\src\plugins\host_api.rs: assets: importer discovered id='kalitech.import.wgsl.v1' type='kalitech.asset.text' priority=100 format='wgsl' method='import_text_v1' ext_hint=true exts=["wgsl"]
2026-02-18T12:58:20.890161Z  INFO main ThreadId(01) newengine_core::plugins::host_api: crates\newengine-core\src\plugins\host_api.rs: assets: importer discovered id='kalitech.import.xml.v1' type='kalitech.asset.text' priority=100 format='xml' method='import_text_v1' ext_hint=true exts=["xml"]
2026-02-18T12:58:20.890352Z  INFO main ThreadId(01) newengine_core::plugins::host_api: crates\newengine-core\src\plugins\host_api.rs: assets: importer discovered id='kalitech.import.yaml.v1' type='kalitech.asset.text' priority=100 format='yaml' method='import_text_v1' ext_hint=true exts=["yaml", "yml"]
2026-02-18T12:58:20.890472Z  INFO main ThreadId(01) newengine_core::plugins::host_api: crates\newengine-core\src\plugins\host_api.rs: assets: importer loaded 'C:\Users\Aiden\Documents\Kayla's Systems\NewEngine\neocore2\target\debug\../../importers\textimporter-0.2.4-dev.dll'
2026-02-18T12:58:20.890552Z  INFO main ThreadId(01) newengine_core::plugins::host_api: crates\newengine-core\src\plugins\host_api.rs: assets: initialized
2026-02-18T12:58:20.890637Z  INFO main ThreadId(01) newengine_core::plugins::manager: crates\newengine-core\src\plugins\manager.rs: plugins: loaded id='assetManager' ver='0.2.5' from 'C:\Users\Aiden\Documents\Kayla's Systems\NewEngine\neocore2\target\debug\../../engineModules\assetManager-0.2.5-dev.dll'
2026-02-18T12:58:20.890785Z  INFO main ThreadId(01) newengine_core::plugins::manager: crates\newengine-core\src\plugins\manager.rs: plugins: loading 'C:\Users\Aiden\Documents\Kayla's Systems\NewEngine\neocore2\target\debug\../../engineModules\input-0.1.9-dev.dll'
2026-02-18T12:58:20.896139Z  INFO main ThreadId(01) newengine_core::plugins::host_api: crates\newengine-core\src\plugins\host_api.rs: input: initialized (events + gilrs)
2026-02-18T12:58:20.896288Z  INFO main ThreadId(01) newengine_core::plugins::manager: crates\newengine-core\src\plugins\manager.rs: plugins: loaded id='input' ver='0.1.9' from 'C:\Users\Aiden\Documents\Kayla's Systems\NewEngine\neocore2\target\debug\../../engineModules\input-0.1.9-dev.dll'
2026-02-18T12:58:20.896470Z  INFO main ThreadId(01) newengine_core::engine: C:\Users\Aiden\Documents\Kayla's Systems\NewEngine\neocore2\crates\newengine-core\src\engine.rs: plugins: done (phase=load count=2 elapsed_ms=12)
2026-02-18T12:58:21.062777Z  WARN main ThreadId(01) newengine_modules_render_vulkan_ash::vulkan::renderer::init: crates\newengine-modules-render-vulkan-ash\src\vulkan\renderer\init.rs: Vulkan validation layer not found; running without validation.
2026-02-18T12:58:21.838226Z DEBUG main ThreadId(01) newengine_core::engine: C:\Users\Aiden\Documents\Kayla's Systems\NewEngine\neocore2\crates\newengine-core\src\engine.rs: plugins: load skipped (already loaded)
2026-02-18T12:58:21.838357Z  INFO main ThreadId(01) newengine_core::engine: C:\Users\Aiden\Documents\Kayla's Systems\NewEngine\neocore2\crates\newengine-core\src\engine.rs: plugins: diagnostics tag='after module init' loaded=2
2026-02-18T12:58:21.838436Z  INFO main ThreadId(01) newengine_core::engine: C:\Users\Aiden\Documents\Kayla's Systems\NewEngine\neocore2\crates\newengine-core\src\engine.rs: plugins: diag [01/02] id='assetManager' ver='0.2.5' state='registered'
2026-02-18T12:58:21.838509Z  INFO main ThreadId(01) newengine_core::engine: C:\Users\Aiden\Documents\Kayla's Systems\NewEngine\neocore2\crates\newengine-core\src\engine.rs: plugins: diag [02/02] id='input' ver='0.1.9' state='registered'
2026-02-18T12:58:21.838599Z DEBUG main ThreadId(01) newengine_core::engine: C:\Users\Aiden\Documents\Kayla's Systems\NewEngine\neocore2\crates\newengine-core\src\engine.rs: plugins: diag.debug id='assetManager' ver='0.2.5' kind=Some(Runtime) caps=2 path='C:\Users\Aiden\Documents\Kayla's Systems\NewEngine\neocore2\target\debug\../../engineModules\assetManager-0.2.5-dev.dll'
2026-02-18T12:58:21.838692Z DEBUG main ThreadId(01) newengine_core::engine: C:\Users\Aiden\Documents\Kayla's Systems\NewEngine\neocore2\crates\newengine-core\src\engine.rs: plugins: diag.debug id='input' ver='0.1.9' kind=Some(Runtime) caps=2 path='C:\Users\Aiden\Documents\Kayla's Systems\NewEngine\neocore2\target\debug\../../engineModules\input-0.1.9-dev.dll'
2026-02-18T12:58:21.855033Z ERROR main ThreadId(01) newengine_platform_winit::app::handler: C:\Users\Aiden\Documents\Kayla's Systems\NewEngine\neocore2\crates\newengine-platform-winit\src\app\handler.rs: engine.step failed: module 'app.render_controller' stage Render: asset.wait_ready failed path='shaders/primitive_preview.vert' err='Failed("a69e2eb7988dbb012ac126bba10ffcc7")'
2026-02-18T12:59:50.922877Z  INFO main ThreadId(01) startup.banner.pretty: crates\newengine-core\src\startup\logging.rs: === newengine-core STARTUP ===
version      : 0.1.0
target       : x86_64 (windows)
pid          : 6504
exe          : C:\Users\Aiden\Documents\Kayla's Systems\NewEngine\neocore2\target\debug\editor.exe
cwd          : C:\Users\Aiden\Documents\Kayla's Systems\NewEngine\neocore2

cpu          : Intel(R) Core(TM) i7-6950X CPU @ 3.00GHz
cpu.cores    : 20
ram.total_mb : 32604
gpu          : NVIDIA GeForce GTX 1080 Ti
vram.mb      : 11106
directx      : D3D12 feature_level=12_1

log.mode     : console+file
log.filter   : debug,newengine_render=debug
log.file     : logs/editor.log
log.colors   : true
log.timestamp: millis
log.target   : stderr
build.ts     : unknown
=== STARTUP END ===
2026-02-18T12:59:50.923071Z  INFO main ThreadId(01) startup.banner: crates\newengine-core\src\startup\logging.rs: startup engine=newengine-core ver=0.1.0 target=x86_64 os=windows pid=6504 exe="C:\Users\Aiden\Documents\Kayla's Systems\NewEngine\neocore2\target\debug\editor.exe" cwd="C:\Users\Aiden\Documents\Kayla's Systems\NewEngine\neocore2" cpu="Intel(R) Core(TM) i7-6950X CPU @ 3.00GHz" cores=20 ram_mb=32604 gpu="NVIDIA GeForce GTX 1080 Ti" vram_mb=11106 dx="D3D12 feature_level=12_1" log_mode=console+file log_filter="debug,newengine_render=debug" log_file="logs/editor.log" build_ts="unknown"
2026-02-18T12:59:50.923503Z DEBUG main ThreadId(01) newengine_math::registry: crates\newengine-math\src\registry.rs: math.register id='newengine.math.vec2.dot.v1' provider='newengine.core' sig=Signature { inputs: [Vec2, Vec2], output: F32 }
2026-02-18T12:59:50.923637Z DEBUG main ThreadId(01) newengine_math::registry: crates\newengine-math\src\registry.rs: math.register id='newengine.math.vec2.length_sq.v1' provider='newengine.core' sig=Signature { inputs: [Vec2], output: F32 }
2026-02-18T12:59:50.923723Z DEBUG main ThreadId(01) newengine_math::registry: crates\newengine-math\src\registry.rs: math.register id='newengine.math.vec2.length.v1' provider='newengine.core' sig=Signature { inputs: [Vec2], output: F32 }
2026-02-18T12:59:50.923810Z DEBUG main ThreadId(01) newengine_math::registry: crates\newengine-math\src\registry.rs: math.register id='newengine.math.vec2.normalize.v1' provider='newengine.core' sig=Signature { inputs: [Vec2], output: Vec2 }
2026-02-18T12:59:50.923897Z DEBUG main ThreadId(01) newengine_math::registry: crates\newengine-math\src\registry.rs: math.register id='newengine.math.vec3.dot.v1' provider='newengine.core' sig=Signature { inputs: [Vec3, Vec3], output: F32 }
2026-02-18T12:59:50.923983Z DEBUG main ThreadId(01) newengine_math::registry: crates\newengine-math\src\registry.rs: math.register id='newengine.math.vec3.cross.v1' provider='newengine.core' sig=Signature { inputs: [Vec3, Vec3], output: Vec3 }
2026-02-18T12:59:50.924081Z DEBUG main ThreadId(01) newengine_math::registry: crates\newengine-math\src\registry.rs: math.register id='newengine.math.vec3.length_sq.v1' provider='newengine.core' sig=Signature { inputs: [Vec3], output: F32 }
2026-02-18T12:59:50.924189Z DEBUG main ThreadId(01) newengine_math::registry: crates\newengine-math\src\registry.rs: math.register id='newengine.math.vec3.length.v1' provider='newengine.core' sig=Signature { inputs: [Vec3], output: F32 }
2026-02-18T12:59:50.924298Z DEBUG main ThreadId(01) newengine_math::registry: crates\newengine-math\src\registry.rs: math.register id='newengine.math.vec3.normalize.v1' provider='newengine.core' sig=Signature { inputs: [Vec3], output: Vec3 }
2026-02-18T12:59:50.924401Z DEBUG main ThreadId(01) newengine_math::registry: crates\newengine-math\src\registry.rs: math.register id='newengine.math.quat.mul.v1' provider='newengine.core' sig=Signature { inputs: [Quat, Quat], output: Quat }
2026-02-18T12:59:50.924498Z DEBUG main ThreadId(01) newengine_math::registry: crates\newengine-math\src\registry.rs: math.register id='newengine.math.quat.rotate_vec3.v1' provider='newengine.core' sig=Signature { inputs: [Quat, Vec3], output: Vec3 }
2026-02-18T12:59:50.924622Z DEBUG main ThreadId(01) newengine_math::registry: crates\newengine-math\src\registry.rs: math.register id='newengine.math.mat4.mul.v1' provider='newengine.core' sig=Signature { inputs: [Mat4, Mat4], output: Mat4 }
2026-02-18T12:59:50.924718Z DEBUG main ThreadId(01) newengine_math::registry: crates\newengine-math\src\registry.rs: math.register id='newengine.math.mat4.transform_point3.v1' provider='newengine.core' sig=Signature { inputs: [Mat4, Vec3], output: Vec3 }
2026-02-18T12:59:50.924837Z DEBUG main ThreadId(01) newengine_math::registry: crates\newengine-math\src\registry.rs: math.register id='newengine.math.mat4.transform_vec3.v1' provider='newengine.core' sig=Signature { inputs: [Mat4, Vec3], output: Vec3 }
2026-02-18T12:59:50.925094Z  INFO main ThreadId(01) newengine_core::engine: C:\Users\Aiden\Documents\Kayla's Systems\NewEngine\neocore2\crates\newengine-core\src\engine.rs: plugins: starting (phase=load)
2026-02-18T12:59:50.925207Z  INFO main ThreadId(01) newengine_core::plugins::manager: crates\newengine-core\src\plugins\manager.rs: plugins: scanning directory 'C:\Users\Aiden\Documents\Kayla's Systems\NewEngine\neocore2\target\debug\../../engineModules'
2026-02-18T12:59:50.925458Z  INFO main ThreadId(01) newengine_core::plugins::manager: crates\newengine-core\src\plugins\manager.rs: plugins: found 2 candidate(s) in 'C:\Users\Aiden\Documents\Kayla's Systems\NewEngine\neocore2\target\debug\../../engineModules'
2026-02-18T12:59:50.925540Z  INFO main ThreadId(01) newengine_core::plugins::manager: crates\newengine-core\src\plugins\manager.rs: plugins: loading 'C:\Users\Aiden\Documents\Kayla's Systems\NewEngine\neocore2\target\debug\../../engineModules\assetManager-0.2.5-dev.dll'
2026-02-18T12:59:50.926948Z  WARN main ThreadId(01) newengine_core::plugins::host_api: crates\newengine-core\src\plugins\host_api.rs: assets: importer failed 'C:\Users\Aiden\Documents\Kayla's Systems\NewEngine\neocore2\target\debug\../../importers\audioimporter-0.2.4-dev.dll' err='GetProcAddress failed'
2026-02-18T12:59:50.927420Z  INFO main ThreadId(01) newengine_core::plugins::host_api: crates\newengine-core\src\plugins\host_api.rs: assets: importer loaded 'C:\Users\Aiden\Documents\Kayla's Systems\NewEngine\neocore2\target\debug\../../importers\fontImporter-0.2.0-dev.dll'
2026-02-18T12:59:50.927802Z  INFO main ThreadId(01) newengine_core::plugins::host_api: crates\newengine-core\src\plugins\host_api.rs: 3d-importer: service registered (kalitech.import.3d.v1)
2026-02-18T12:59:50.928021Z  INFO main ThreadId(01) newengine_core::plugins::host_api: crates\newengine-core\src\plugins\host_api.rs: assets: importer loaded 'C:\Users\Aiden\Documents\Kayla's Systems\NewEngine\neocore2\target\debug\../../importers\geometryImporter-0.1.0-dev.dll'
2026-02-18T12:59:50.928608Z  INFO main ThreadId(01) newengine_core::plugins::host_api: crates\newengine-core\src\plugins\host_api.rs: assets: importer discovered id='kalitech.import.image.v1' type='kalitech.asset.texture' priority=0 format='image' method='import_image_v1' ext_hint=false exts=["ico", "jpg", "jpeg", "gif", "tga", "bmp", "png", "svg", "dds", "webp"]
2026-02-18T12:59:50.928760Z  INFO main ThreadId(01) newengine_core::plugins::host_api: crates\newengine-core\src\plugins\host_api.rs: assets: importer loaded 'C:\Users\Aiden\Documents\Kayla's Systems\NewEngine\neocore2\target\debug\../../importers\imageImporter-0.2.4-dev.dll'
2026-02-18T12:59:50.929247Z  INFO main ThreadId(01) newengine_core::plugins::host_api: crates\newengine-core\src\plugins\host_api.rs: text-importer: providers registered ok=14 failed=0
2026-02-18T12:59:50.929441Z  INFO main ThreadId(01) newengine_core::plugins::host_api: crates\newengine-core\src\plugins\host_api.rs: assets: importer discovered id='kalitech.import.csv.v1' type='kalitech.asset.text' priority=100 format='csv' method='import_text_v1' ext_hint=true exts=["csv"]
2026-02-18T12:59:50.929595Z  INFO main ThreadId(01) newengine_core::plugins::host_api: crates\newengine-core\src\plugins\host_api.rs: assets: importer discovered id='kalitech.import.glsl.v1' type='kalitech.asset.text' priority=100 format='glsl' method='import_text_v1' ext_hint=true exts=["glsl"]
2026-02-18T12:59:50.929756Z  INFO main ThreadId(01) newengine_core::plugins::host_api: crates\newengine-core\src\plugins\host_api.rs: assets: importer discovered id='kalitech.import.hlsl.v1' type='kalitech.asset.text' priority=100 format='hlsl' method='import_text_v1' ext_hint=true exts=["hlsl"]
2026-02-18T12:59:50.929927Z  INFO main ThreadId(01) newengine_core::plugins::host_api: crates\newengine-core\src\plugins\host_api.rs: assets: importer discovered id='kalitech.import.html.v1' type='kalitech.asset.text' priority=100 format='html' method='import_text_v1' ext_hint=true exts=["htm", "html"]
2026-02-18T12:59:50.930086Z  INFO main ThreadId(01) newengine_core::plugins::host_api: crates\newengine-core\src\plugins\host_api.rs: assets: importer discovered id='kalitech.import.ini.v1' type='kalitech.asset.text' priority=100 format='ini' method='import_text_v1' ext_hint=true exts=["cfg", "ini"]
2026-02-18T12:59:50.930273Z  INFO main ThreadId(01) newengine_core::plugins::host_api: crates\newengine-core\src\plugins\host_api.rs: assets: importer discovered id='kalitech.import.json.v1' type='kalitech.asset.text' priority=100 format='json' method='import_text_v1' ext_hint=true exts=["json"]
2026-02-18T12:59:50.930421Z  INFO main ThreadId(01) newengine_core::plugins::host_api: crates\newengine-core\src\plugins\host_api.rs: assets: importer discovered id='kalitech.import.ron.v1' type='kalitech.asset.text' priority=100 format='ron' method='import_text_v1' ext_hint=true exts=["ron"]
2026-02-18T12:59:50.930580Z  INFO main ThreadId(01) newengine_core::plugins::host_api: crates\newengine-core\src\plugins\host_api.rs: assets: importer discovered id='kalitech.import.shader.v1' type='kalitech.asset.text' priority=100 format='shader' method='import_text_v1' ext_hint=true exts=["comp", "frag", "vert"]
2026-02-18T12:59:50.930735Z  INFO main ThreadId(01) newengine_core::plugins::host_api: crates\newengine-core\src\plugins\host_api.rs: assets: importer discovered id='kalitech.import.toml.v1' type='kalitech.asset.text' priority=100 format='toml' method='import_text_v1' ext_hint=true exts=["toml"]
2026-02-18T12:59:50.930887Z  INFO main ThreadId(01) newengine_core::plugins::host_api: crates\newengine-core\src\plugins\host_api.rs: assets: importer discovered id='kalitech.import.txt.v1' type='kalitech.asset.text' priority=100 format='txt' method='import_text_v1' ext_hint=true exts=["md", "txt"]
2026-02-18T12:59:50.931071Z  INFO main ThreadId(01) newengine_core::plugins::host_api: crates\newengine-core\src\plugins\host_api.rs: assets: importer discovered id='kalitech.import.ui.v1' type='kalitech.asset.text' priority=100 format='ui' method='import_text_v1' ext_hint=true exts=["ui"]
2026-02-18T12:59:50.931219Z  INFO main ThreadId(01) newengine_core::plugins::host_api: crates\newengine-core\src\plugins\host_api.rs: assets: importer discovered id='kalitech.import.wgsl.v1' type='kalitech.asset.text' priority=100 format='wgsl' method='import_text_v1' ext_hint=true exts=["wgsl"]
2026-02-18T12:59:50.931367Z  INFO main ThreadId(01) newengine_core::plugins::host_api: crates\newengine-core\src\plugins\host_api.rs: assets: importer discovered id='kalitech.import.xml.v1' type='kalitech.asset.text' priority=100 format='xml' method='import_text_v1' ext_hint=true exts=["xml"]
2026-02-18T12:59:50.931539Z  INFO main ThreadId(01) newengine_core::plugins::host_api: crates\newengine-core\src\plugins\host_api.rs: assets: importer discovered id='kalitech.import.yaml.v1' type='kalitech.asset.text' priority=100 format='yaml' method='import_text_v1' ext_hint=true exts=["yaml", "yml"]
2026-02-18T12:59:50.931659Z  INFO main ThreadId(01) newengine_core::plugins::host_api: crates\newengine-core\src\plugins\host_api.rs: assets: importer loaded 'C:\Users\Aiden\Documents\Kayla's Systems\NewEngine\neocore2\target\debug\../../importers\textimporter-0.2.4-dev.dll'
2026-02-18T12:59:50.931739Z  INFO main ThreadId(01) newengine_core::plugins::host_api: crates\newengine-core\src\plugins\host_api.rs: assets: initialized
2026-02-18T12:59:50.931841Z  INFO main ThreadId(01) newengine_core::plugins::manager: crates\newengine-core\src\plugins\manager.rs: plugins: loaded id='assetManager' ver='0.2.5' from 'C:\Users\Aiden\Documents\Kayla's Systems\NewEngine\neocore2\target\debug\../../engineModules\assetManager-0.2.5-dev.dll'
2026-02-18T12:59:50.931946Z  INFO main ThreadId(01) newengine_core::plugins::manager: crates\newengine-core\src\plugins\manager.rs: plugins: loading 'C:\Users\Aiden\Documents\Kayla's Systems\NewEngine\neocore2\target\debug\../../engineModules\input-0.1.9-dev.dll'
2026-02-18T12:59:50.937504Z  INFO main ThreadId(01) newengine_core::plugins::host_api: crates\newengine-core\src\plugins\host_api.rs: input: initialized (events + gilrs)
2026-02-18T12:59:50.937645Z  INFO main ThreadId(01) newengine_core::plugins::manager: crates\newengine-core\src\plugins\manager.rs: plugins: loaded id='input' ver='0.1.9' from 'C:\Users\Aiden\Documents\Kayla's Systems\NewEngine\neocore2\target\debug\../../engineModules\input-0.1.9-dev.dll'
2026-02-18T12:59:50.937866Z  INFO main ThreadId(01) newengine_core::engine: C:\Users\Aiden\Documents\Kayla's Systems\NewEngine\neocore2\crates\newengine-core\src\engine.rs: plugins: done (phase=load count=2 elapsed_ms=12)
2026-02-18T12:59:51.104246Z  WARN main ThreadId(01) newengine_modules_render_vulkan_ash::vulkan::renderer::init: crates\newengine-modules-render-vulkan-ash\src\vulkan\renderer\init.rs: Vulkan validation layer not found; running without validation.
2026-02-18T12:59:51.254731Z DEBUG main ThreadId(01) newengine_core::engine: C:\Users\Aiden\Documents\Kayla's Systems\NewEngine\neocore2\crates\newengine-core\src\engine.rs: plugins: load skipped (already loaded)
2026-02-18T12:59:51.254990Z  INFO main ThreadId(01) newengine_core::engine: C:\Users\Aiden\Documents\Kayla's Systems\NewEngine\neocore2\crates\newengine-core\src\engine.rs: plugins: diagnostics tag='after module init' loaded=2
2026-02-18T12:59:51.255088Z  INFO main ThreadId(01) newengine_core::engine: C:\Users\Aiden\Documents\Kayla's Systems\NewEngine\neocore2\crates\newengine-core\src\engine.rs: plugins: diag [01/02] id='assetManager' ver='0.2.5' state='registered'
2026-02-18T12:59:51.255162Z  INFO main ThreadId(01) newengine_core::engine: C:\Users\Aiden\Documents\Kayla's Systems\NewEngine\neocore2\crates\newengine-core\src\engine.rs: plugins: diag [02/02] id='input' ver='0.1.9' state='registered'
2026-02-18T12:59:51.255255Z DEBUG main ThreadId(01) newengine_core::engine: C:\Users\Aiden\Documents\Kayla's Systems\NewEngine\neocore2\crates\newengine-core\src\engine.rs: plugins: diag.debug id='assetManager' ver='0.2.5' kind=Some(Runtime) caps=2 path='C:\Users\Aiden\Documents\Kayla's Systems\NewEngine\neocore2\target\debug\../../engineModules\assetManager-0.2.5-dev.dll'
2026-02-18T12:59:51.255354Z DEBUG main ThreadId(01) newengine_core::engine: C:\Users\Aiden\Documents\Kayla's Systems\NewEngine\neocore2\crates\newengine-core\src\engine.rs: plugins: diag.debug id='input' ver='0.1.9' kind=Some(Runtime) caps=2 path='C:\Users\Aiden\Documents\Kayla's Systems\NewEngine\neocore2\target\debug\../../engineModules\input-0.1.9-dev.dll'
2026-02-18T12:59:52.092526Z DEBUG main ThreadId(01) editor::render_controller::gpu: apps\editor\src\render_controller\gpu.rs: asset.read ok kind=text rel='shaders/editor_lit.vert' path='C:\Users\Aiden\Documents\Kayla's Systems\NewEngine\neocore2\assets\shaders/editor_lit.vert' bytes=297
2026-02-18T12:59:52.092724Z DEBUG main ThreadId(01) editor::render_controller::gpu: apps\editor\src\render_controller\gpu.rs: asset.read ok kind=text rel='shaders/editor_lit.frag' path='C:\Users\Aiden\Documents\Kayla's Systems\NewEngine\neocore2\assets\shaders/editor_lit.frag' bytes=391
2026-02-18T12:59:52.492383Z DEBUG main ThreadId(01) editor::render_controller::gpu: apps\editor\src\render_controller\gpu.rs: asset.read ok kind=text rel='shaders/editor_grid.vert' path='C:\Users\Aiden\Documents\Kayla's Systems\NewEngine\neocore2\assets\shaders/editor_grid.vert' bytes=274
2026-02-18T12:59:52.492561Z DEBUG main ThreadId(01) editor::render_controller::gpu: apps\editor\src\render_controller\gpu.rs: asset.read ok kind=text rel='shaders/editor_grid.frag' path='C:\Users\Aiden\Documents\Kayla's Systems\NewEngine\neocore2\assets\shaders/editor_grid.frag' bytes=124
2026-02-18T13:01:29.582615Z  INFO main ThreadId(01) startup.banner.pretty: crates\newengine-core\src\startup\logging.rs: === newengine-core STARTUP ===
version      : 0.1.0
target       : x86_64 (windows)
pid          : 11520
exe          : C:\Users\Aiden\Documents\Kayla's Systems\NewEngine\neocore2\target\debug\editor.exe
cwd          : C:\Users\Aiden\Documents\Kayla's Systems\NewEngine\neocore2

cpu          : Intel(R) Core(TM) i7-6950X CPU @ 3.00GHz
cpu.cores    : 20
ram.total_mb : 32604
gpu          : NVIDIA GeForce GTX 1080 Ti
vram.mb      : 11106
directx      : D3D12 feature_level=12_1

log.mode     : console+file
log.filter   : debug,newengine_render=debug
log.file     : logs/editor.log
log.colors   : true
log.timestamp: millis
log.target   : stderr
build.ts     : unknown
=== STARTUP END ===
2026-02-18T13:01:29.582782Z  INFO main ThreadId(01) startup.banner: crates\newengine-core\src\startup\logging.rs: startup engine=newengine-core ver=0.1.0 target=x86_64 os=windows pid=11520 exe="C:\Users\Aiden\Documents\Kayla's Systems\NewEngine\neocore2\target\debug\editor.exe" cwd="C:\Users\Aiden\Documents\Kayla's Systems\NewEngine\neocore2" cpu="Intel(R) Core(TM) i7-6950X CPU @ 3.00GHz" cores=20 ram_mb=32604 gpu="NVIDIA GeForce GTX 1080 Ti" vram_mb=11106 dx="D3D12 feature_level=12_1" log_mode=console+file log_filter="debug,newengine_render=debug" log_file="logs/editor.log" build_ts="unknown"
2026-02-18T13:01:29.583023Z DEBUG main ThreadId(01) newengine_math::registry: crates\newengine-math\src\registry.rs: math.register id='newengine.math.vec2.dot.v1' provider='newengine.core' sig=Signature { inputs: [Vec2, Vec2], output: F32 }
2026-02-18T13:01:29.583121Z DEBUG main ThreadId(01) newengine_math::registry: crates\newengine-math\src\registry.rs: math.register id='newengine.math.vec2.length_sq.v1' provider='newengine.core' sig=Signature { inputs: [Vec2], output: F32 }
2026-02-18T13:01:29.583211Z DEBUG main ThreadId(01) newengine_math::registry: crates\newengine-math\src\registry.rs: math.register id='newengine.math.vec2.length.v1' provider='newengine.core' sig=Signature { inputs: [Vec2], output: F32 }
2026-02-18T13:01:29.583306Z DEBUG main ThreadId(01) newengine_math::registry: crates\newengine-math\src\registry.rs: math.register id='newengine.math.vec2.normalize.v1' provider='newengine.core' sig=Signature { inputs: [Vec2], output: Vec2 }
2026-02-18T13:01:29.583392Z DEBUG main ThreadId(01) newengine_math::registry: crates\newengine-math\src\registry.rs: math.register id='newengine.math.vec3.dot.v1' provider='newengine.core' sig=Signature { inputs: [Vec3, Vec3], output: F32 }
2026-02-18T13:01:29.583492Z DEBUG main ThreadId(01) newengine_math::registry: crates\newengine-math\src\registry.rs: math.register id='newengine.math.vec3.cross.v1' provider='newengine.core' sig=Signature { inputs: [Vec3, Vec3], output: Vec3 }
2026-02-18T13:01:29.583582Z DEBUG main ThreadId(01) newengine_math::registry: crates\newengine-math\src\registry.rs: math.register id='newengine.math.vec3.length_sq.v1' provider='newengine.core' sig=Signature { inputs: [Vec3], output: F32 }
2026-02-18T13:01:29.583671Z DEBUG main ThreadId(01) newengine_math::registry: crates\newengine-math\src\registry.rs: math.register id='newengine.math.vec3.length.v1' provider='newengine.core' sig=Signature { inputs: [Vec3], output: F32 }
2026-02-18T13:01:29.583753Z DEBUG main ThreadId(01) newengine_math::registry: crates\newengine-math\src\registry.rs: math.register id='newengine.math.vec3.normalize.v1' provider='newengine.core' sig=Signature { inputs: [Vec3], output: Vec3 }
2026-02-18T13:01:29.583844Z DEBUG main ThreadId(01) newengine_math::registry: crates\newengine-math\src\registry.rs: math.register id='newengine.math.quat.mul.v1' provider='newengine.core' sig=Signature { inputs: [Quat, Quat], output: Quat }
2026-02-18T13:01:29.583950Z DEBUG main ThreadId(01) newengine_math::registry: crates\newengine-math\src\registry.rs: math.register id='newengine.math.quat.rotate_vec3.v1' provider='newengine.core' sig=Signature { inputs: [Quat, Vec3], output: Vec3 }
2026-02-18T13:01:29.584036Z DEBUG main ThreadId(01) newengine_math::registry: crates\newengine-math\src\registry.rs: math.register id='newengine.math.mat4.mul.v1' provider='newengine.core' sig=Signature { inputs: [Mat4, Mat4], output: Mat4 }
2026-02-18T13:01:29.584118Z DEBUG main ThreadId(01) newengine_math::registry: crates\newengine-math\src\registry.rs: math.register id='newengine.math.mat4.transform_point3.v1' provider='newengine.core' sig=Signature { inputs: [Mat4, Vec3], output: Vec3 }
2026-02-18T13:01:29.584199Z DEBUG main ThreadId(01) newengine_math::registry: crates\newengine-math\src\registry.rs: math.register id='newengine.math.mat4.transform_vec3.v1' provider='newengine.core' sig=Signature { inputs: [Mat4, Vec3], output: Vec3 }
2026-02-18T13:01:29.584342Z  INFO main ThreadId(01) newengine_core::engine: C:\Users\Aiden\Documents\Kayla's Systems\NewEngine\neocore2\crates\newengine-core\src\engine.rs: plugins: starting (phase=load)
2026-02-18T13:01:29.584440Z  INFO main ThreadId(01) newengine_core::plugins::manager: crates\newengine-core\src\plugins\manager.rs: plugins: scanning directory 'C:\Users\Aiden\Documents\Kayla's Systems\NewEngine\neocore2\target\debug\../../engineModules'
2026-02-18T13:01:29.584665Z  INFO main ThreadId(01) newengine_core::plugins::manager: crates\newengine-core\src\plugins\manager.rs: plugins: found 2 candidate(s) in 'C:\Users\Aiden\Documents\Kayla's Systems\NewEngine\neocore2\target\debug\../../engineModules'
2026-02-18T13:01:29.584742Z  INFO main ThreadId(01) newengine_core::plugins::manager: crates\newengine-core\src\plugins\manager.rs: plugins: loading 'C:\Users\Aiden\Documents\Kayla's Systems\NewEngine\neocore2\target\debug\../../engineModules\assetManager-0.2.5-dev.dll'
2026-02-18T13:01:29.586039Z  WARN main ThreadId(01) newengine_core::plugins::host_api: crates\newengine-core\src\plugins\host_api.rs: assets: importer failed 'C:\Users\Aiden\Documents\Kayla's Systems\NewEngine\neocore2\target\debug\../../importers\audioimporter-0.2.4-dev.dll' err='GetProcAddress failed'
2026-02-18T13:01:29.586501Z  INFO main ThreadId(01) newengine_core::plugins::host_api: crates\newengine-core\src\plugins\host_api.rs: assets: importer loaded 'C:\Users\Aiden\Documents\Kayla's Systems\NewEngine\neocore2\target\debug\../../importers\fontImporter-0.2.0-dev.dll'
2026-02-18T13:01:29.586907Z  INFO main ThreadId(01) newengine_core::plugins::host_api: crates\newengine-core\src\plugins\host_api.rs: 3d-importer: service registered (kalitech.import.3d.v1)
2026-02-18T13:01:29.587117Z  INFO main ThreadId(01) newengine_core::plugins::host_api: crates\newengine-core\src\plugins\host_api.rs: assets: importer loaded 'C:\Users\Aiden\Documents\Kayla's Systems\NewEngine\neocore2\target\debug\../../importers\geometryImporter-0.1.0-dev.dll'
2026-02-18T13:01:29.587799Z  INFO main ThreadId(01) newengine_core::plugins::host_api: crates\newengine-core\src\plugins\host_api.rs: assets: importer discovered id='kalitech.import.image.v1' type='kalitech.asset.texture' priority=0 format='image' method='import_image_v1' ext_hint=false exts=["ico", "jpg", "jpeg", "gif", "tga", "bmp", "png", "svg", "dds", "webp"]
2026-02-18T13:01:29.587944Z  INFO main ThreadId(01) newengine_core::plugins::host_api: crates\newengine-core\src\plugins\host_api.rs: assets: importer loaded 'C:\Users\Aiden\Documents\Kayla's Systems\NewEngine\neocore2\target\debug\../../importers\imageImporter-0.2.4-dev.dll'
2026-02-18T13:01:29.588456Z  INFO main ThreadId(01) newengine_core::plugins::host_api: crates\newengine-core\src\plugins\host_api.rs: text-importer: providers registered ok=14 failed=0
2026-02-18T13:01:29.588607Z  INFO main ThreadId(01) newengine_core::plugins::host_api: crates\newengine-core\src\plugins\host_api.rs: assets: importer discovered id='kalitech.import.csv.v1' type='kalitech.asset.text' priority=100 format='csv' method='import_text_v1' ext_hint=true exts=["csv"]
2026-02-18T13:01:29.588786Z  INFO main ThreadId(01) newengine_core::plugins::host_api: crates\newengine-core\src\plugins\host_api.rs: assets: importer discovered id='kalitech.import.glsl.v1' type='kalitech.asset.text' priority=100 format='glsl' method='import_text_v1' ext_hint=true exts=["glsl"]
2026-02-18T13:01:29.588939Z  INFO main ThreadId(01) newengine_core::plugins::host_api: crates\newengine-core\src\plugins\host_api.rs: assets: importer discovered id='kalitech.import.hlsl.v1' type='kalitech.asset.text' priority=100 format='hlsl' method='import_text_v1' ext_hint=true exts=["hlsl"]
2026-02-18T13:01:29.589103Z  INFO main ThreadId(01) newengine_core::plugins::host_api: crates\newengine-core\src\plugins\host_api.rs: assets: importer discovered id='kalitech.import.html.v1' type='kalitech.asset.text' priority=100 format='html' method='import_text_v1' ext_hint=true exts=["htm", "html"]
2026-02-18T13:01:29.589258Z  INFO main ThreadId(01) newengine_core::plugins::host_api: crates\newengine-core\src\plugins\host_api.rs: assets: importer discovered id='kalitech.import.ini.v1' type='kalitech.asset.text' priority=100 format='ini' method='import_text_v1' ext_hint=true exts=["cfg", "ini"]
2026-02-18T13:01:29.589405Z  INFO main ThreadId(01) newengine_core::plugins::host_api: crates\newengine-core\src\plugins\host_api.rs: assets: importer discovered id='kalitech.import.json.v1' type='kalitech.asset.text' priority=100 format='json' method='import_text_v1' ext_hint=true exts=["json"]
2026-02-18T13:01:29.589558Z  INFO main ThreadId(01) newengine_core::plugins::host_api: crates\newengine-core\src\plugins\host_api.rs: assets: importer discovered id='kalitech.import.ron.v1' type='kalitech.asset.text' priority=100 format='ron' method='import_text_v1' ext_hint=true exts=["ron"]
2026-02-18T13:01:29.589708Z  INFO main ThreadId(01) newengine_core::plugins::host_api: crates\newengine-core\src\plugins\host_api.rs: assets: importer discovered id='kalitech.import.shader.v1' type='kalitech.asset.text' priority=100 format='shader' method='import_text_v1' ext_hint=true exts=["comp", "frag", "vert"]
2026-02-18T13:01:29.589857Z  INFO main ThreadId(01) newengine_core::plugins::host_api: crates\newengine-core\src\plugins\host_api.rs: assets: importer discovered id='kalitech.import.toml.v1' type='kalitech.asset.text' priority=100 format='toml' method='import_text_v1' ext_hint=true exts=["toml"]
2026-02-18T13:01:29.590007Z  INFO main ThreadId(01) newengine_core::plugins::host_api: crates\newengine-core\src\plugins\host_api.rs: assets: importer discovered id='kalitech.import.txt.v1' type='kalitech.asset.text' priority=100 format='txt' method='import_text_v1' ext_hint=true exts=["md", "txt"]
2026-02-18T13:01:29.590171Z  INFO main ThreadId(01) newengine_core::plugins::host_api: crates\newengine-core\src\plugins\host_api.rs: assets: importer discovered id='kalitech.import.ui.v1' type='kalitech.asset.text' priority=100 format='ui' method='import_text_v1' ext_hint=true exts=["ui"]
2026-02-18T13:01:29.590325Z  INFO main ThreadId(01) newengine_core::plugins::host_api: crates\newengine-core\src\plugins\host_api.rs: assets: importer discovered id='kalitech.import.wgsl.v1' type='kalitech.asset.text' priority=100 format='wgsl' method='import_text_v1' ext_hint=true exts=["wgsl"]
2026-02-18T13:01:29.590467Z  INFO main ThreadId(01) newengine_core::plugins::host_api: crates\newengine-core\src\plugins\host_api.rs: assets: importer discovered id='kalitech.import.xml.v1' type='kalitech.asset.text' priority=100 format='xml' method='import_text_v1' ext_hint=true exts=["xml"]
2026-02-18T13:01:29.590631Z  INFO main ThreadId(01) newengine_core::plugins::host_api: crates\newengine-core\src\plugins\host_api.rs: assets: importer discovered id='kalitech.import.yaml.v1' type='kalitech.asset.text' priority=100 format='yaml' method='import_text_v1' ext_hint=true exts=["yaml", "yml"]
2026-02-18T13:01:29.590744Z  INFO main ThreadId(01) newengine_core::plugins::host_api: crates\newengine-core\src\plugins\host_api.rs: assets: importer loaded 'C:\Users\Aiden\Documents\Kayla's Systems\NewEngine\neocore2\target\debug\../../importers\textimporter-0.2.4-dev.dll'
2026-02-18T13:01:29.590821Z  INFO main ThreadId(01) newengine_core::plugins::host_api: crates\newengine-core\src\plugins\host_api.rs: assets: initialized
2026-02-18T13:01:29.590904Z  INFO main ThreadId(01) newengine_core::plugins::manager: crates\newengine-core\src\plugins\manager.rs: plugins: loaded id='assetManager' ver='0.2.5' from 'C:\Users\Aiden\Documents\Kayla's Systems\NewEngine\neocore2\target\debug\../../engineModules\assetManager-0.2.5-dev.dll'
2026-02-18T13:01:29.590993Z  INFO main ThreadId(01) newengine_core::plugins::manager: crates\newengine-core\src\plugins\manager.rs: plugins: loading 'C:\Users\Aiden\Documents\Kayla's Systems\NewEngine\neocore2\target\debug\../../engineModules\input-0.1.9-dev.dll'
2026-02-18T13:01:29.596504Z  INFO main ThreadId(01) newengine_core::plugins::host_api: crates\newengine-core\src\plugins\host_api.rs: input: initialized (events + gilrs)
2026-02-18T13:01:29.596633Z  INFO main ThreadId(01) newengine_core::plugins::manager: crates\newengine-core\src\plugins\manager.rs: plugins: loaded id='input' ver='0.1.9' from 'C:\Users\Aiden\Documents\Kayla's Systems\NewEngine\neocore2\target\debug\../../engineModules\input-0.1.9-dev.dll'
2026-02-18T13:01:29.596780Z  INFO main ThreadId(01) newengine_core::engine: C:\Users\Aiden\Documents\Kayla's Systems\NewEngine\neocore2\crates\newengine-core\src\engine.rs: plugins: done (phase=load count=2 elapsed_ms=12)
2026-02-18T13:01:29.764987Z  WARN main ThreadId(01) newengine_modules_render_vulkan_ash::vulkan::renderer::init: crates\newengine-modules-render-vulkan-ash\src\vulkan\renderer\init.rs: Vulkan validation layer not found; running without validation.
2026-02-18T13:01:29.908883Z DEBUG main ThreadId(01) newengine_core::engine: C:\Users\Aiden\Documents\Kayla's Systems\NewEngine\neocore2\crates\newengine-core\src\engine.rs: plugins: load skipped (already loaded)
2026-02-18T13:01:29.908989Z  INFO main ThreadId(01) newengine_core::engine: C:\Users\Aiden\Documents\Kayla's Systems\NewEngine\neocore2\crates\newengine-core\src\engine.rs: plugins: diagnostics tag='after module init' loaded=2
2026-02-18T13:01:29.909073Z  INFO main ThreadId(01) newengine_core::engine: C:\Users\Aiden\Documents\Kayla's Systems\NewEngine\neocore2\crates\newengine-core\src\engine.rs: plugins: diag [01/02] id='assetManager' ver='0.2.5' state='registered'
2026-02-18T13:01:29.909163Z  INFO main ThreadId(01) newengine_core::engine: C:\Users\Aiden\Documents\Kayla's Systems\NewEngine\neocore2\crates\newengine-core\src\engine.rs: plugins: diag [02/02] id='input' ver='0.1.9' state='registered'
2026-02-18T13:01:29.909246Z DEBUG main ThreadId(01) newengine_core::engine: C:\Users\Aiden\Documents\Kayla's Systems\NewEngine\neocore2\crates\newengine-core\src\engine.rs: plugins: diag.debug id='assetManager' ver='0.2.5' kind=Some(Runtime) caps=2 path='C:\Users\Aiden\Documents\Kayla's Systems\NewEngine\neocore2\target\debug\../../engineModules\assetManager-0.2.5-dev.dll'
2026-02-18T13:01:29.909357Z DEBUG main ThreadId(01) newengine_core::engine: C:\Users\Aiden\Documents\Kayla's Systems\NewEngine\neocore2\crates\newengine-core\src\engine.rs: plugins: diag.debug id='input' ver='0.1.9' kind=Some(Runtime) caps=2 path='C:\Users\Aiden\Documents\Kayla's Systems\NewEngine\neocore2\target\debug\../../engineModules\input-0.1.9-dev.dll'
2026-02-18T13:01:29.927822Z DEBUG main ThreadId(01) editor::render_controller::gpu: apps\editor\src\render_controller\gpu.rs: asset.read ok kind=text rel='shaders/editor_lit.vert' path='C:\Users\Aiden\Documents\Kayla's Systems\NewEngine\neocore2\assets\shaders/editor_lit.vert' bytes=297
2026-02-18T13:01:29.927970Z DEBUG main ThreadId(01) editor::render_controller::gpu: apps\editor\src\render_controller\gpu.rs: asset.read ok kind=text rel='shaders/editor_lit.frag' path='C:\Users\Aiden\Documents\Kayla's Systems\NewEngine\neocore2\assets\shaders/editor_lit.frag' bytes=391
2026-02-18T13:01:30.340676Z DEBUG main ThreadId(01) editor::render_controller::gpu: apps\editor\src\render_controller\gpu.rs: asset.read ok kind=text rel='shaders/editor_grid.vert' path='C:\Users\Aiden\Documents\Kayla's Systems\NewEngine\neocore2\assets\shaders/editor_grid.vert' bytes=274
2026-02-18T13:01:30.340869Z DEBUG main ThreadId(01) editor::render_controller::gpu: apps\editor\src\render_controller\gpu.rs: asset.read ok kind=text rel='shaders/editor_grid.frag' path='C:\Users\Aiden\Documents\Kayla's Systems\NewEngine\neocore2\assets\shaders/editor_grid.frag' bytes=124
2026-02-18T13:05:53.946147Z  INFO main ThreadId(01) startup.banner.pretty: crates\newengine-core\src\startup\logging.rs: === newengine-core STARTUP ===
version      : 0.1.0
target       : x86_64 (windows)
pid          : 16252
exe          : C:\Users\Aiden\Documents\Kayla's Systems\NewEngine\neocore2\target\debug\editor.exe
cwd          : C:\Users\Aiden\Documents\Kayla's Systems\NewEngine\neocore2

cpu          : Intel(R) Core(TM) i7-6950X CPU @ 3.00GHz
cpu.cores    : 20
ram.total_mb : 32604
gpu          : NVIDIA GeForce GTX 1080 Ti
vram.mb      : 11106
directx      : D3D12 feature_level=12_1

log.mode     : console+file
log.filter   : debug,newengine_render=debug
log.file     : logs/editor.log
log.colors   : true
log.timestamp: millis
log.target   : stderr
build.ts     : unknown
=== STARTUP END ===
2026-02-18T13:05:53.946342Z  INFO main ThreadId(01) startup.banner: crates\newengine-core\src\startup\logging.rs: startup engine=newengine-core ver=0.1.0 target=x86_64 os=windows pid=16252 exe="C:\Users\Aiden\Documents\Kayla's Systems\NewEngine\neocore2\target\debug\editor.exe" cwd="C:\Users\Aiden\Documents\Kayla's Systems\NewEngine\neocore2" cpu="Intel(R) Core(TM) i7-6950X CPU @ 3.00GHz" cores=20 ram_mb=32604 gpu="NVIDIA GeForce GTX 1080 Ti" vram_mb=11106 dx="D3D12 feature_level=12_1" log_mode=console+file log_filter="debug,newengine_render=debug" log_file="logs/editor.log" build_ts="unknown"
2026-02-18T13:05:53.946786Z DEBUG main ThreadId(01) newengine_math::registry: crates\newengine-math\src\registry.rs: math.register id='newengine.math.vec2.dot.v1' provider='newengine.core' sig=Signature { inputs: [Vec2, Vec2], output: F32 }
2026-02-18T13:05:53.946963Z DEBUG main ThreadId(01) newengine_math::registry: crates\newengine-math\src\registry.rs: math.register id='newengine.math.vec2.length_sq.v1' provider='newengine.core' sig=Signature { inputs: [Vec2], output: F32 }
2026-02-18T13:05:53.947105Z DEBUG main ThreadId(01) newengine_math::registry: crates\newengine-math\src\registry.rs: math.register id='newengine.math.vec2.length.v1' provider='newengine.core' sig=Signature { inputs: [Vec2], output: F32 }
2026-02-18T13:05:53.947247Z DEBUG main ThreadId(01) newengine_math::registry: crates\newengine-math\src\registry.rs: math.register id='newengine.math.vec2.normalize.v1' provider='newengine.core' sig=Signature { inputs: [Vec2], output: Vec2 }
2026-02-18T13:05:53.947379Z DEBUG main ThreadId(01) newengine_math::registry: crates\newengine-math\src\registry.rs: math.register id='newengine.math.vec3.dot.v1' provider='newengine.core' sig=Signature { inputs: [Vec3, Vec3], output: F32 }
2026-02-18T13:05:53.947515Z DEBUG main ThreadId(01) newengine_math::registry: crates\newengine-math\src\registry.rs: math.register id='newengine.math.vec3.cross.v1' provider='newengine.core' sig=Signature { inputs: [Vec3, Vec3], output: Vec3 }
2026-02-18T13:05:53.947634Z DEBUG main ThreadId(01) newengine_math::registry: crates\newengine-math\src\registry.rs: math.register id='newengine.math.vec3.length_sq.v1' provider='newengine.core' sig=Signature { inputs: [Vec3], output: F32 }
2026-02-18T13:05:53.947803Z DEBUG main ThreadId(01) newengine_math::registry: crates\newengine-math\src\registry.rs: math.register id='newengine.math.vec3.length.v1' provider='newengine.core' sig=Signature { inputs: [Vec3], output: F32 }
2026-02-18T13:05:53.947964Z DEBUG main ThreadId(01) newengine_math::registry: crates\newengine-math\src\registry.rs: math.register id='newengine.math.vec3.normalize.v1' provider='newengine.core' sig=Signature { inputs: [Vec3], output: Vec3 }
2026-02-18T13:05:53.948117Z DEBUG main ThreadId(01) newengine_math::registry: crates\newengine-math\src\registry.rs: math.register id='newengine.math.quat.mul.v1' provider='newengine.core' sig=Signature { inputs: [Quat, Quat], output: Quat }
2026-02-18T13:05:53.948249Z DEBUG main ThreadId(01) newengine_math::registry: crates\newengine-math\src\registry.rs: math.register id='newengine.math.quat.rotate_vec3.v1' provider='newengine.core' sig=Signature { inputs: [Quat, Vec3], output: Vec3 }
2026-02-18T13:05:53.948350Z DEBUG main ThreadId(01) newengine_math::registry: crates\newengine-math\src\registry.rs: math.register id='newengine.math.mat4.mul.v1' provider='newengine.core' sig=Signature { inputs: [Mat4, Mat4], output: Mat4 }
2026-02-18T13:05:53.948488Z DEBUG main ThreadId(01) newengine_math::registry: crates\newengine-math\src\registry.rs: math.register id='newengine.math.mat4.transform_point3.v1' provider='newengine.core' sig=Signature { inputs: [Mat4, Vec3], output: Vec3 }
2026-02-18T13:05:53.948667Z DEBUG main ThreadId(01) newengine_math::registry: crates\newengine-math\src\registry.rs: math.register id='newengine.math.mat4.transform_vec3.v1' provider='newengine.core' sig=Signature { inputs: [Mat4, Vec3], output: Vec3 }
2026-02-18T13:05:53.949033Z  INFO main ThreadId(01) newengine_core::engine: C:\Users\Aiden\Documents\Kayla's Systems\NewEngine\neocore2\crates\newengine-core\src\engine.rs: plugins: starting (phase=load)
2026-02-18T13:05:53.949234Z  INFO main ThreadId(01) newengine_core::plugins::manager: crates\newengine-core\src\plugins\manager.rs: plugins: scanning directory 'C:\Users\Aiden\Documents\Kayla's Systems\NewEngine\neocore2\target\debug\../../engineModules'
2026-02-18T13:05:53.949656Z  INFO main ThreadId(01) newengine_core::plugins::manager: crates\newengine-core\src\plugins\manager.rs: plugins: found 2 candidate(s) in 'C:\Users\Aiden\Documents\Kayla's Systems\NewEngine\neocore2\target\debug\../../engineModules'
2026-02-18T13:05:53.949794Z  INFO main ThreadId(01) newengine_core::plugins::manager: crates\newengine-core\src\plugins\manager.rs: plugins: loading 'C:\Users\Aiden\Documents\Kayla's Systems\NewEngine\neocore2\target\debug\../../engineModules\assetManager-0.2.5-dev.dll'
2026-02-18T13:05:53.952079Z  WARN main ThreadId(01) newengine_core::plugins::host_api: crates\newengine-core\src\plugins\host_api.rs: assets: importer failed 'C:\Users\Aiden\Documents\Kayla's Systems\NewEngine\neocore2\target\debug\../../importers\audioimporter-0.2.4-dev.dll' err='GetProcAddress failed'
2026-02-18T13:05:53.952629Z  INFO main ThreadId(01) newengine_core::plugins::host_api: crates\newengine-core\src\plugins\host_api.rs: assets: importer loaded 'C:\Users\Aiden\Documents\Kayla's Systems\NewEngine\neocore2\target\debug\../../importers\fontImporter-0.2.0-dev.dll'
2026-02-18T13:05:53.953128Z  INFO main ThreadId(01) newengine_core::plugins::host_api: crates\newengine-core\src\plugins\host_api.rs: 3d-importer: service registered (kalitech.import.3d.v1)
2026-02-18T13:05:53.953428Z  INFO main ThreadId(01) newengine_core::plugins::host_api: crates\newengine-core\src\plugins\host_api.rs: assets: importer loaded 'C:\Users\Aiden\Documents\Kayla's Systems\NewEngine\neocore2\target\debug\../../importers\geometryImporter-0.1.0-dev.dll'
2026-02-18T13:05:53.954169Z  INFO main ThreadId(01) newengine_core::plugins::host_api: crates\newengine-core\src\plugins\host_api.rs: assets: importer discovered id='kalitech.import.image.v1' type='kalitech.asset.texture' priority=0 format='image' method='import_image_v1' ext_hint=false exts=["ico", "jpg", "jpeg", "gif", "tga", "bmp", "png", "svg", "dds", "webp"]
2026-02-18T13:05:53.954342Z  INFO main ThreadId(01) newengine_core::plugins::host_api: crates\newengine-core\src\plugins\host_api.rs: assets: importer loaded 'C:\Users\Aiden\Documents\Kayla's Systems\NewEngine\neocore2\target\debug\../../importers\imageImporter-0.2.4-dev.dll'
2026-02-18T13:05:53.954901Z  INFO main ThreadId(01) newengine_core::plugins::host_api: crates\newengine-core\src\plugins\host_api.rs: text-importer: providers registered ok=14 failed=0
2026-02-18T13:05:53.955114Z  INFO main ThreadId(01) newengine_core::plugins::host_api: crates\newengine-core\src\plugins\host_api.rs: assets: importer discovered id='kalitech.import.csv.v1' type='kalitech.asset.text' priority=100 format='csv' method='import_text_v1' ext_hint=true exts=["csv"]
2026-02-18T13:05:53.955366Z  INFO main ThreadId(01) newengine_core::plugins::host_api: crates\newengine-core\src\plugins\host_api.rs: assets: importer discovered id='kalitech.import.glsl.v1' type='kalitech.asset.text' priority=100 format='glsl' method='import_text_v1' ext_hint=true exts=["glsl"]
2026-02-18T13:05:53.955582Z  INFO main ThreadId(01) newengine_core::plugins::host_api: crates\newengine-core\src\plugins\host_api.rs: assets: importer discovered id='kalitech.import.hlsl.v1' type='kalitech.asset.text' priority=100 format='hlsl' method='import_text_v1' ext_hint=true exts=["hlsl"]
2026-02-18T13:05:53.955859Z  INFO main ThreadId(01) newengine_core::plugins::host_api: crates\newengine-core\src\plugins\host_api.rs: assets: importer discovered id='kalitech.import.html.v1' type='kalitech.asset.text' priority=100 format='html' method='import_text_v1' ext_hint=true exts=["htm", "html"]
2026-02-18T13:05:53.956083Z  INFO main ThreadId(01) newengine_core::plugins::host_api: crates\newengine-core\src\plugins\host_api.rs: assets: importer discovered id='kalitech.import.ini.v1' type='kalitech.asset.text' priority=100 format='ini' method='import_text_v1' ext_hint=true exts=["cfg", "ini"]
2026-02-18T13:05:53.956285Z  INFO main ThreadId(01) newengine_core::plugins::host_api: crates\newengine-core\src\plugins\host_api.rs: assets: importer discovered id='kalitech.import.json.v1' type='kalitech.asset.text' priority=100 format='json' method='import_text_v1' ext_hint=true exts=["json"]
2026-02-18T13:05:53.956476Z  INFO main ThreadId(01) newengine_core::plugins::host_api: crates\newengine-core\src\plugins\host_api.rs: assets: importer discovered id='kalitech.import.ron.v1' type='kalitech.asset.text' priority=100 format='ron' method='import_text_v1' ext_hint=true exts=["ron"]
2026-02-18T13:05:53.956726Z  INFO main ThreadId(01) newengine_core::plugins::host_api: crates\newengine-core\src\plugins\host_api.rs: assets: importer discovered id='kalitech.import.shader.v1' type='kalitech.asset.text' priority=100 format='shader' method='import_text_v1' ext_hint=true exts=["comp", "frag", "vert"]
2026-02-18T13:05:53.956974Z  INFO main ThreadId(01) newengine_core::plugins::host_api: crates\newengine-core\src\plugins\host_api.rs: assets: importer discovered id='kalitech.import.toml.v1' type='kalitech.asset.text' priority=100 format='toml' method='import_text_v1' ext_hint=true exts=["toml"]
2026-02-18T13:05:53.957224Z  INFO main ThreadId(01) newengine_core::plugins::host_api: crates\newengine-core\src\plugins\host_api.rs: assets: importer discovered id='kalitech.import.txt.v1' type='kalitech.asset.text' priority=100 format='txt' method='import_text_v1' ext_hint=true exts=["md", "txt"]
2026-02-18T13:05:53.957489Z  INFO main ThreadId(01) newengine_core::plugins::host_api: crates\newengine-core\src\plugins\host_api.rs: assets: importer discovered id='kalitech.import.ui.v1' type='kalitech.asset.text' priority=100 format='ui' method='import_text_v1' ext_hint=true exts=["ui"]
2026-02-18T13:05:53.957692Z  INFO main ThreadId(01) newengine_core::plugins::host_api: crates\newengine-core\src\plugins\host_api.rs: assets: importer discovered id='kalitech.import.wgsl.v1' type='kalitech.asset.text' priority=100 format='wgsl' method='import_text_v1' ext_hint=true exts=["wgsl"]
2026-02-18T13:05:53.957882Z  INFO main ThreadId(01) newengine_core::plugins::host_api: crates\newengine-core\src\plugins\host_api.rs: assets: importer discovered id='kalitech.import.xml.v1' type='kalitech.asset.text' priority=100 format='xml' method='import_text_v1' ext_hint=true exts=["xml"]
2026-02-18T13:05:53.958162Z  INFO main ThreadId(01) newengine_core::plugins::host_api: crates\newengine-core\src\plugins\host_api.rs: assets: importer discovered id='kalitech.import.yaml.v1' type='kalitech.asset.text' priority=100 format='yaml' method='import_text_v1' ext_hint=true exts=["yaml", "yml"]
2026-02-18T13:05:53.958367Z  INFO main ThreadId(01) newengine_core::plugins::host_api: crates\newengine-core\src\plugins\host_api.rs: assets: importer loaded 'C:\Users\Aiden\Documents\Kayla's Systems\NewEngine\neocore2\target\debug\../../importers\textimporter-0.2.4-dev.dll'
2026-02-18T13:05:53.958509Z  INFO main ThreadId(01) newengine_core::plugins::host_api: crates\newengine-core\src\plugins\host_api.rs: assets: initialized
2026-02-18T13:05:53.958673Z  INFO main ThreadId(01) newengine_core::plugins::manager: crates\newengine-core\src\plugins\manager.rs: plugins: loaded id='assetManager' ver='0.2.5' from 'C:\Users\Aiden\Documents\Kayla's Systems\NewEngine\neocore2\target\debug\../../engineModules\assetManager-0.2.5-dev.dll'
2026-02-18T13:05:53.958840Z  INFO main ThreadId(01) newengine_core::plugins::manager: crates\newengine-core\src\plugins\manager.rs: plugins: loading 'C:\Users\Aiden\Documents\Kayla's Systems\NewEngine\neocore2\target\debug\../../engineModules\input-0.1.9-dev.dll'
2026-02-18T13:05:53.964926Z  INFO main ThreadId(01) newengine_core::plugins::host_api: crates\newengine-core\src\plugins\host_api.rs: input: initialized (events + gilrs)
2026-02-18T13:05:53.965099Z  INFO main ThreadId(01) newengine_core::plugins::manager: crates\newengine-core\src\plugins\manager.rs: plugins: loaded id='input' ver='0.1.9' from 'C:\Users\Aiden\Documents\Kayla's Systems\NewEngine\neocore2\target\debug\../../engineModules\input-0.1.9-dev.dll'
2026-02-18T13:05:53.965392Z  INFO main ThreadId(01) newengine_core::engine: C:\Users\Aiden\Documents\Kayla's Systems\NewEngine\neocore2\crates\newengine-core\src\engine.rs: plugins: done (phase=load count=2 elapsed_ms=16)
2026-02-18T13:05:54.144432Z  WARN main ThreadId(01) newengine_modules_render_vulkan_ash::vulkan::renderer::init: crates\newengine-modules-render-vulkan-ash\src\vulkan\renderer\init.rs: Vulkan validation layer not found; running without validation.
2026-02-18T13:05:54.287720Z ERROR main ThreadId(01) newengine_platform_winit::app::handler: C:\Users\Aiden\Documents\Kayla's Systems\NewEngine\neocore2\crates\newengine-platform-winit\src\app\handler.rs: winit host fatal: module 'render.vulkan.ash' stage Init: Shader error: asset.wait_ready failed path='shaders/test/tri.vert' err='Failed("05db315e0d8e9e98cfd51611a1007216")'
2026-02-18T13:06:41.452351Z  INFO main ThreadId(01) startup.banner.pretty: crates\newengine-core\src\startup\logging.rs: === newengine-core STARTUP ===
version      : 0.1.0
target       : x86_64 (windows)
pid          : 14612
exe          : C:\Users\Aiden\Documents\Kayla's Systems\NewEngine\neocore2\target\debug\editor.exe
cwd          : C:\Users\Aiden\Documents\Kayla's Systems\NewEngine\neocore2

cpu          : Intel(R) Core(TM) i7-6950X CPU @ 3.00GHz
cpu.cores    : 20
ram.total_mb : 32604
gpu          : NVIDIA GeForce GTX 1080 Ti
vram.mb      : 11106
directx      : D3D12 feature_level=12_1

log.mode     : console+file
log.filter   : debug,newengine_render=debug
log.file     : logs/editor.log
log.colors   : true
log.timestamp: millis
log.target   : stderr
build.ts     : unknown
=== STARTUP END ===
2026-02-18T13:06:41.452534Z  INFO main ThreadId(01) startup.banner: crates\newengine-core\src\startup\logging.rs: startup engine=newengine-core ver=0.1.0 target=x86_64 os=windows pid=14612 exe="C:\Users\Aiden\Documents\Kayla's Systems\NewEngine\neocore2\target\debug\editor.exe" cwd="C:\Users\Aiden\Documents\Kayla's Systems\NewEngine\neocore2" cpu="Intel(R) Core(TM) i7-6950X CPU @ 3.00GHz" cores=20 ram_mb=32604 gpu="NVIDIA GeForce GTX 1080 Ti" vram_mb=11106 dx="D3D12 feature_level=12_1" log_mode=console+file log_filter="debug,newengine_render=debug" log_file="logs/editor.log" build_ts="unknown"
2026-02-18T13:06:41.452769Z DEBUG main ThreadId(01) newengine_math::registry: crates\newengine-math\src\registry.rs: math.register id='newengine.math.vec2.dot.v1' provider='newengine.core' sig=Signature { inputs: [Vec2, Vec2], output: F32 }
2026-02-18T13:06:41.452897Z DEBUG main ThreadId(01) newengine_math::registry: crates\newengine-math\src\registry.rs: math.register id='newengine.math.vec2.length_sq.v1' provider='newengine.core' sig=Signature { inputs: [Vec2], output: F32 }
2026-02-18T13:06:41.452989Z DEBUG main ThreadId(01) newengine_math::registry: crates\newengine-math\src\registry.rs: math.register id='newengine.math.vec2.length.v1' provider='newengine.core' sig=Signature { inputs: [Vec2], output: F32 }
2026-02-18T13:06:41.453079Z DEBUG main ThreadId(01) newengine_math::registry: crates\newengine-math\src\registry.rs: math.register id='newengine.math.vec2.normalize.v1' provider='newengine.core' sig=Signature { inputs: [Vec2], output: Vec2 }
2026-02-18T13:06:41.453167Z DEBUG main ThreadId(01) newengine_math::registry: crates\newengine-math\src\registry.rs: math.register id='newengine.math.vec3.dot.v1' provider='newengine.core' sig=Signature { inputs: [Vec3, Vec3], output: F32 }
2026-02-18T13:06:41.453251Z DEBUG main ThreadId(01) newengine_math::registry: crates\newengine-math\src\registry.rs: math.register id='newengine.math.vec3.cross.v1' provider='newengine.core' sig=Signature { inputs: [Vec3, Vec3], output: Vec3 }
2026-02-18T13:06:41.453333Z DEBUG main ThreadId(01) newengine_math::registry: crates\newengine-math\src\registry.rs: math.register id='newengine.math.vec3.length_sq.v1' provider='newengine.core' sig=Signature { inputs: [Vec3], output: F32 }
2026-02-18T13:06:41.453418Z DEBUG main ThreadId(01) newengine_math::registry: crates\newengine-math\src\registry.rs: math.register id='newengine.math.vec3.length.v1' provider='newengine.core' sig=Signature { inputs: [Vec3], output: F32 }
2026-02-18T13:06:41.453505Z DEBUG main ThreadId(01) newengine_math::registry: crates\newengine-math\src\registry.rs: math.register id='newengine.math.vec3.normalize.v1' provider='newengine.core' sig=Signature { inputs: [Vec3], output: Vec3 }
2026-02-18T13:06:41.453594Z DEBUG main ThreadId(01) newengine_math::registry: crates\newengine-math\src\registry.rs: math.register id='newengine.math.quat.mul.v1' provider='newengine.core' sig=Signature { inputs: [Quat, Quat], output: Quat }
2026-02-18T13:06:41.453679Z DEBUG main ThreadId(01) newengine_math::registry: crates\newengine-math\src\registry.rs: math.register id='newengine.math.quat.rotate_vec3.v1' provider='newengine.core' sig=Signature { inputs: [Quat, Vec3], output: Vec3 }
2026-02-18T13:06:41.453798Z DEBUG main ThreadId(01) newengine_math::registry: crates\newengine-math\src\registry.rs: math.register id='newengine.math.mat4.mul.v1' provider='newengine.core' sig=Signature { inputs: [Mat4, Mat4], output: Mat4 }
2026-02-18T13:06:41.453907Z DEBUG main ThreadId(01) newengine_math::registry: crates\newengine-math\src\registry.rs: math.register id='newengine.math.mat4.transform_point3.v1' provider='newengine.core' sig=Signature { inputs: [Mat4, Vec3], output: Vec3 }
2026-02-18T13:06:41.453999Z DEBUG main ThreadId(01) newengine_math::registry: crates\newengine-math\src\registry.rs: math.register id='newengine.math.mat4.transform_vec3.v1' provider='newengine.core' sig=Signature { inputs: [Mat4, Vec3], output: Vec3 }
2026-02-18T13:06:41.454143Z  INFO main ThreadId(01) newengine_core::engine: C:\Users\Aiden\Documents\Kayla's Systems\NewEngine\neocore2\crates\newengine-core\src\engine.rs: plugins: starting (phase=load)
2026-02-18T13:06:41.454237Z  INFO main ThreadId(01) newengine_core::plugins::manager: crates\newengine-core\src\plugins\manager.rs: plugins: scanning directory 'C:\Users\Aiden\Documents\Kayla's Systems\NewEngine\neocore2\target\debug\../../engineModules'
2026-02-18T13:06:41.454464Z  INFO main ThreadId(01) newengine_core::plugins::manager: crates\newengine-core\src\plugins\manager.rs: plugins: found 2 candidate(s) in 'C:\Users\Aiden\Documents\Kayla's Systems\NewEngine\neocore2\target\debug\../../engineModules'
2026-02-18T13:06:41.454542Z  INFO main ThreadId(01) newengine_core::plugins::manager: crates\newengine-core\src\plugins\manager.rs: plugins: loading 'C:\Users\Aiden\Documents\Kayla's Systems\NewEngine\neocore2\target\debug\../../engineModules\assetManager-0.2.5-dev.dll'
2026-02-18T13:06:41.455942Z  WARN main ThreadId(01) newengine_core::plugins::host_api: crates\newengine-core\src\plugins\host_api.rs: assets: importer failed 'C:\Users\Aiden\Documents\Kayla's Systems\NewEngine\neocore2\target\debug\../../importers\audioimporter-0.2.4-dev.dll' err='GetProcAddress failed'
2026-02-18T13:06:41.456406Z  INFO main ThreadId(01) newengine_core::plugins::host_api: crates\newengine-core\src\plugins\host_api.rs: assets: importer loaded 'C:\Users\Aiden\Documents\Kayla's Systems\NewEngine\neocore2\target\debug\../../importers\fontImporter-0.2.0-dev.dll'
2026-02-18T13:06:41.456819Z  INFO main ThreadId(01) newengine_core::plugins::host_api: crates\newengine-core\src\plugins\host_api.rs: 3d-importer: service registered (kalitech.import.3d.v1)
2026-02-18T13:06:41.457092Z  INFO main ThreadId(01) newengine_core::plugins::host_api: crates\newengine-core\src\plugins\host_api.rs: assets: importer loaded 'C:\Users\Aiden\Documents\Kayla's Systems\NewEngine\neocore2\target\debug\../../importers\geometryImporter-0.1.0-dev.dll'
2026-02-18T13:06:41.457777Z  INFO main ThreadId(01) newengine_core::plugins::host_api: crates\newengine-core\src\plugins\host_api.rs: assets: importer discovered id='kalitech.import.image.v1' type='kalitech.asset.texture' priority=0 format='image' method='import_image_v1' ext_hint=false exts=["ico", "jpg", "jpeg", "gif", "tga", "bmp", "png", "svg", "dds", "webp"]
2026-02-18T13:06:41.457954Z  INFO main ThreadId(01) newengine_core::plugins::host_api: crates\newengine-core\src\plugins\host_api.rs: assets: importer loaded 'C:\Users\Aiden\Documents\Kayla's Systems\NewEngine\neocore2\target\debug\../../importers\imageImporter-0.2.4-dev.dll'
2026-02-18T13:06:41.458499Z  INFO main ThreadId(01) newengine_core::plugins::host_api: crates\newengine-core\src\plugins\host_api.rs: text-importer: providers registered ok=14 failed=0
2026-02-18T13:06:41.458649Z  INFO main ThreadId(01) newengine_core::plugins::host_api: crates\newengine-core\src\plugins\host_api.rs: assets: importer discovered id='kalitech.import.csv.v1' type='kalitech.asset.text' priority=100 format='csv' method='import_text_v1' ext_hint=true exts=["csv"]
2026-02-18T13:06:41.458799Z  INFO main ThreadId(01) newengine_core::plugins::host_api: crates\newengine-core\src\plugins\host_api.rs: assets: importer discovered id='kalitech.import.glsl.v1' type='kalitech.asset.text' priority=100 format='glsl' method='import_text_v1' ext_hint=true exts=["glsl"]
2026-02-18T13:06:41.458946Z  INFO main ThreadId(01) newengine_core::plugins::host_api: crates\newengine-core\src\plugins\host_api.rs: assets: importer discovered id='kalitech.import.hlsl.v1' type='kalitech.asset.text' priority=100 format='hlsl' method='import_text_v1' ext_hint=true exts=["hlsl"]
2026-02-18T13:06:41.459114Z  INFO main ThreadId(01) newengine_core::plugins::host_api: crates\newengine-core\src\plugins\host_api.rs: assets: importer discovered id='kalitech.import.html.v1' type='kalitech.asset.text' priority=100 format='html' method='import_text_v1' ext_hint=true exts=["htm", "html"]
2026-02-18T13:06:41.459280Z  INFO main ThreadId(01) newengine_core::plugins::host_api: crates\newengine-core\src\plugins\host_api.rs: assets: importer discovered id='kalitech.import.ini.v1' type='kalitech.asset.text' priority=100 format='ini' method='import_text_v1' ext_hint=true exts=["cfg", "ini"]
2026-02-18T13:06:41.459437Z  INFO main ThreadId(01) newengine_core::plugins::host_api: crates\newengine-core\src\plugins\host_api.rs: assets: importer discovered id='kalitech.import.json.v1' type='kalitech.asset.text' priority=100 format='json' method='import_text_v1' ext_hint=true exts=["json"]
2026-02-18T13:06:41.459589Z  INFO main ThreadId(01) newengine_core::plugins::host_api: crates\newengine-core\src\plugins\host_api.rs: assets: importer discovered id='kalitech.import.ron.v1' type='kalitech.asset.text' priority=100 format='ron' method='import_text_v1' ext_hint=true exts=["ron"]
2026-02-18T13:06:41.459758Z  INFO main ThreadId(01) newengine_core::plugins::host_api: crates\newengine-core\src\plugins\host_api.rs: assets: importer discovered id='kalitech.import.shader.v1' type='kalitech.asset.text' priority=100 format='shader' method='import_text_v1' ext_hint=true exts=["comp", "frag", "vert"]
2026-02-18T13:06:41.459909Z  INFO main ThreadId(01) newengine_core::plugins::host_api: crates\newengine-core\src\plugins\host_api.rs: assets: importer discovered id='kalitech.import.toml.v1' type='kalitech.asset.text' priority=100 format='toml' method='import_text_v1' ext_hint=true exts=["toml"]
2026-02-18T13:06:41.460061Z  INFO main ThreadId(01) newengine_core::plugins::host_api: crates\newengine-core\src\plugins\host_api.rs: assets: importer discovered id='kalitech.import.txt.v1' type='kalitech.asset.text' priority=100 format='txt' method='import_text_v1' ext_hint=true exts=["md", "txt"]
2026-02-18T13:06:41.460231Z  INFO main ThreadId(01) newengine_core::plugins::host_api: crates\newengine-core\src\plugins\host_api.rs: assets: importer discovered id='kalitech.import.ui.v1' type='kalitech.asset.text' priority=100 format='ui' method='import_text_v1' ext_hint=true exts=["ui"]
2026-02-18T13:06:41.460377Z  INFO main ThreadId(01) newengine_core::plugins::host_api: crates\newengine-core\src\plugins\host_api.rs: assets: importer discovered id='kalitech.import.wgsl.v1' type='kalitech.asset.text' priority=100 format='wgsl' method='import_text_v1' ext_hint=true exts=["wgsl"]
2026-02-18T13:06:41.460527Z  INFO main ThreadId(01) newengine_core::plugins::host_api: crates\newengine-core\src\plugins\host_api.rs: assets: importer discovered id='kalitech.import.xml.v1' type='kalitech.asset.text' priority=100 format='xml' method='import_text_v1' ext_hint=true exts=["xml"]
2026-02-18T13:06:41.460695Z  INFO main ThreadId(01) newengine_core::plugins::host_api: crates\newengine-core\src\plugins\host_api.rs: assets: importer discovered id='kalitech.import.yaml.v1' type='kalitech.asset.text' priority=100 format='yaml' method='import_text_v1' ext_hint=true exts=["yaml", "yml"]
2026-02-18T13:06:41.460836Z  INFO main ThreadId(01) newengine_core::plugins::host_api: crates\newengine-core\src\plugins\host_api.rs: assets: importer loaded 'C:\Users\Aiden\Documents\Kayla's Systems\NewEngine\neocore2\target\debug\../../importers\textimporter-0.2.4-dev.dll'
2026-02-18T13:06:41.460912Z  INFO main ThreadId(01) newengine_core::plugins::host_api: crates\newengine-core\src\plugins\host_api.rs: assets: initialized
2026-02-18T13:06:41.460990Z  INFO main ThreadId(01) newengine_core::plugins::manager: crates\newengine-core\src\plugins\manager.rs: plugins: loaded id='assetManager' ver='0.2.5' from 'C:\Users\Aiden\Documents\Kayla's Systems\NewEngine\neocore2\target\debug\../../engineModules\assetManager-0.2.5-dev.dll'
2026-02-18T13:06:41.461082Z  INFO main ThreadId(01) newengine_core::plugins::manager: crates\newengine-core\src\plugins\manager.rs: plugins: loading 'C:\Users\Aiden\Documents\Kayla's Systems\NewEngine\neocore2\target\debug\../../engineModules\input-0.1.9-dev.dll'
2026-02-18T13:06:41.466690Z  INFO main ThreadId(01) newengine_core::plugins::host_api: crates\newengine-core\src\plugins\host_api.rs: input: initialized (events + gilrs)
2026-02-18T13:06:41.466805Z  INFO main ThreadId(01) newengine_core::plugins::manager: crates\newengine-core\src\plugins\manager.rs: plugins: loaded id='input' ver='0.1.9' from 'C:\Users\Aiden\Documents\Kayla's Systems\NewEngine\neocore2\target\debug\../../engineModules\input-0.1.9-dev.dll'
2026-02-18T13:06:41.466962Z  INFO main ThreadId(01) newengine_core::engine: C:\Users\Aiden\Documents\Kayla's Systems\NewEngine\neocore2\crates\newengine-core\src\engine.rs: plugins: done (phase=load count=2 elapsed_ms=12)
2026-02-18T13:06:41.633469Z  WARN main ThreadId(01) newengine_modules_render_vulkan_ash::vulkan::renderer::init: crates\newengine-modules-render-vulkan-ash\src\vulkan\renderer\init.rs: Vulkan validation layer not found; running without validation.
2026-02-18T13:06:41.784528Z DEBUG main ThreadId(01) newengine_core::engine: C:\Users\Aiden\Documents\Kayla's Systems\NewEngine\neocore2\crates\newengine-core\src\engine.rs: plugins: load skipped (already loaded)
2026-02-18T13:06:41.784639Z  INFO main ThreadId(01) newengine_core::engine: C:\Users\Aiden\Documents\Kayla's Systems\NewEngine\neocore2\crates\newengine-core\src\engine.rs: plugins: diagnostics tag='after module init' loaded=2
2026-02-18T13:06:41.784718Z  INFO main ThreadId(01) newengine_core::engine: C:\Users\Aiden\Documents\Kayla's Systems\NewEngine\neocore2\crates\newengine-core\src\engine.rs: plugins: diag [01/02] id='assetManager' ver='0.2.5' state='registered'
2026-02-18T13:06:41.784792Z  INFO main ThreadId(01) newengine_core::engine: C:\Users\Aiden\Documents\Kayla's Systems\NewEngine\neocore2\crates\newengine-core\src\engine.rs: plugins: diag [02/02] id='input' ver='0.1.9' state='registered'
2026-02-18T13:06:41.784875Z DEBUG main ThreadId(01) newengine_core::engine: C:\Users\Aiden\Documents\Kayla's Systems\NewEngine\neocore2\crates\newengine-core\src\engine.rs: plugins: diag.debug id='assetManager' ver='0.2.5' kind=Some(Runtime) caps=2 path='C:\Users\Aiden\Documents\Kayla's Systems\NewEngine\neocore2\target\debug\../../engineModules\assetManager-0.2.5-dev.dll'
2026-02-18T13:06:41.784959Z DEBUG main ThreadId(01) newengine_core::engine: C:\Users\Aiden\Documents\Kayla's Systems\NewEngine\neocore2\crates\newengine-core\src\engine.rs: plugins: diag.debug id='input' ver='0.1.9' kind=Some(Runtime) caps=2 path='C:\Users\Aiden\Documents\Kayla's Systems\NewEngine\neocore2\target\debug\../../engineModules\input-0.1.9-dev.dll'
2026-02-18T13:06:41.803470Z DEBUG main ThreadId(01) editor::render_controller::gpu: apps\editor\src\render_controller\gpu.rs: asset.read ok kind=text rel='shaders/editor_lit.vert' path='C:\Users\Aiden\Documents\Kayla's Systems\NewEngine\neocore2\assets\shaders/editor_lit.vert' bytes=297
2026-02-18T13:06:41.803648Z DEBUG main ThreadId(01) editor::render_controller::gpu: apps\editor\src\render_controller\gpu.rs: asset.read ok kind=text rel='shaders/editor_lit.frag' path='C:\Users\Aiden\Documents\Kayla's Systems\NewEngine\neocore2\assets\shaders/editor_lit.frag' bytes=391
2026-02-18T13:06:42.217344Z DEBUG main ThreadId(01) editor::render_controller::gpu: apps\editor\src\render_controller\gpu.rs: asset.read ok kind=text rel='shaders/editor_grid.vert' path='C:\Users\Aiden\Documents\Kayla's Systems\NewEngine\neocore2\assets\shaders/editor_grid.vert' bytes=274
2026-02-18T13:06:42.217500Z DEBUG main ThreadId(01) editor::render_controller::gpu: apps\editor\src\render_controller\gpu.rs: asset.read ok kind=text rel='shaders/editor_grid.frag' path='C:\Users\Aiden\Documents\Kayla's Systems\NewEngine\neocore2\assets\shaders/editor_grid.frag' bytes=124
2026-02-18T13:46:14.439623Z  INFO main ThreadId(01) startup.banner.pretty: crates\newengine-core\src\startup\logging.rs: === newengine-core STARTUP ===
version      : 0.1.0
target       : x86_64 (windows)
pid          : 10292
exe          : C:\Users\Aiden\Documents\Kayla's Systems\NewEngine\neocore2\target\debug\editor.exe
cwd          : C:\Users\Aiden\Documents\Kayla's Systems\NewEngine\neocore2

cpu          : Intel(R) Core(TM) i7-6950X CPU @ 3.00GHz
cpu.cores    : 20
ram.total_mb : 32604
gpu          : NVIDIA GeForce GTX 1080 Ti
vram.mb      : 11106
directx      : D3D12 feature_level=12_1

log.mode     : console+file
log.filter   : debug,newengine_render=debug
log.file     : logs/editor.log
log.colors   : true
log.timestamp: millis
log.target   : stderr
build.ts     : unknown
=== STARTUP END ===
2026-02-18T13:46:14.439810Z  INFO main ThreadId(01) startup.banner: crates\newengine-core\src\startup\logging.rs: startup engine=newengine-core ver=0.1.0 target=x86_64 os=windows pid=10292 exe="C:\Users\Aiden\Documents\Kayla's Systems\NewEngine\neocore2\target\debug\editor.exe" cwd="C:\Users\Aiden\Documents\Kayla's Systems\NewEngine\neocore2" cpu="Intel(R) Core(TM) i7-6950X CPU @ 3.00GHz" cores=20 ram_mb=32604 gpu="NVIDIA GeForce GTX 1080 Ti" vram_mb=11106 dx="D3D12 feature_level=12_1" log_mode=console+file log_filter="debug,newengine_render=debug" log_file="logs/editor.log" build_ts="unknown"
2026-02-18T13:46:14.440199Z DEBUG main ThreadId(01) newengine_math::registry: crates\newengine-math\src\registry.rs: math.register id='newengine.math.vec2.dot.v1' provider='newengine.core' sig=Signature { inputs: [Vec2, Vec2], output: F32 }
2026-02-18T13:46:14.440306Z DEBUG main ThreadId(01) newengine_math::registry: crates\newengine-math\src\registry.rs: math.register id='newengine.math.vec2.length_sq.v1' provider='newengine.core' sig=Signature { inputs: [Vec2], output: F32 }
2026-02-18T13:46:14.440393Z DEBUG main ThreadId(01) newengine_math::registry: crates\newengine-math\src\registry.rs: math.register id='newengine.math.vec2.length.v1' provider='newengine.core' sig=Signature { inputs: [Vec2], output: F32 }
2026-02-18T13:46:14.440481Z DEBUG main ThreadId(01) newengine_math::registry: crates\newengine-math\src\registry.rs: math.register id='newengine.math.vec2.normalize.v1' provider='newengine.core' sig=Signature { inputs: [Vec2], output: Vec2 }
2026-02-18T13:46:14.440638Z DEBUG main ThreadId(01) newengine_math::registry: crates\newengine-math\src\registry.rs: math.register id='newengine.math.vec3.dot.v1' provider='newengine.core' sig=Signature { inputs: [Vec3, Vec3], output: F32 }
2026-02-18T13:46:14.440781Z DEBUG main ThreadId(01) newengine_math::registry: crates\newengine-math\src\registry.rs: math.register id='newengine.math.vec3.cross.v1' provider='newengine.core' sig=Signature { inputs: [Vec3, Vec3], output: Vec3 }
2026-02-18T13:46:14.441144Z DEBUG main ThreadId(01) newengine_math::registry: crates\newengine-math\src\registry.rs: math.register id='newengine.math.vec3.length_sq.v1' provider='newengine.core' sig=Signature { inputs: [Vec3], output: F32 }
2026-02-18T13:46:14.441585Z DEBUG main ThreadId(01) newengine_math::registry: crates\newengine-math\src\registry.rs: math.register id='newengine.math.vec3.length.v1' provider='newengine.core' sig=Signature { inputs: [Vec3], output: F32 }
2026-02-18T13:46:14.441891Z DEBUG main ThreadId(01) newengine_math::registry: crates\newengine-math\src\registry.rs: math.register id='newengine.math.vec3.normalize.v1' provider='newengine.core' sig=Signature { inputs: [Vec3], output: Vec3 }
2026-02-18T13:46:14.442143Z DEBUG main ThreadId(01) newengine_math::registry: crates\newengine-math\src\registry.rs: math.register id='newengine.math.quat.mul.v1' provider='newengine.core' sig=Signature { inputs: [Quat, Quat], output: Quat }
2026-02-18T13:46:14.442339Z DEBUG main ThreadId(01) newengine_math::registry: crates\newengine-math\src\registry.rs: math.register id='newengine.math.quat.rotate_vec3.v1' provider='newengine.core' sig=Signature { inputs: [Quat, Vec3], output: Vec3 }
2026-02-18T13:46:14.442498Z DEBUG main ThreadId(01) newengine_math::registry: crates\newengine-math\src\registry.rs: math.register id='newengine.math.mat4.mul.v1' provider='newengine.core' sig=Signature { inputs: [Mat4, Mat4], output: Mat4 }
2026-02-18T13:46:14.442960Z DEBUG main ThreadId(01) newengine_math::registry: crates\newengine-math\src\registry.rs: math.register id='newengine.math.mat4.transform_point3.v1' provider='newengine.core' sig=Signature { inputs: [Mat4, Vec3], output: Vec3 }
2026-02-18T13:46:14.443206Z DEBUG main ThreadId(01) newengine_math::registry: crates\newengine-math\src\registry.rs: math.register id='newengine.math.mat4.transform_vec3.v1' provider='newengine.core' sig=Signature { inputs: [Mat4, Vec3], output: Vec3 }
2026-02-18T13:46:14.443570Z  INFO main ThreadId(01) newengine_core::engine::timing: C:\Users\Aiden\Documents\Kayla's Systems\NewEngine\neocore2\crates\newengine-core\src\engine\timing.rs: plugins: starting (phase=load)
2026-02-18T13:46:14.443883Z  INFO main ThreadId(01) newengine_core::plugins::manager: crates\newengine-core\src\plugins\manager.rs: plugins: scanning directory 'C:\Users\Aiden\Documents\Kayla's Systems\NewEngine\neocore2\target\debug\../../engineModules'
2026-02-18T13:46:14.444385Z  INFO main ThreadId(01) newengine_core::plugins::manager: crates\newengine-core\src\plugins\manager.rs: plugins: found 2 candidate(s) in 'C:\Users\Aiden\Documents\Kayla's Systems\NewEngine\neocore2\target\debug\../../engineModules'
2026-02-18T13:46:14.444541Z  INFO main ThreadId(01) newengine_core::plugins::manager: crates\newengine-core\src\plugins\manager.rs: plugins: loading 'C:\Users\Aiden\Documents\Kayla's Systems\NewEngine\neocore2\target\debug\../../engineModules\assetManager-0.2.5-dev.dll'
2026-02-18T13:46:14.447970Z  WARN main ThreadId(01) newengine_core::plugins::host_api: crates\newengine-core\src\plugins\host_api.rs: assets: importer failed 'C:\Users\Aiden\Documents\Kayla's Systems\NewEngine\neocore2\target\debug\../../importers\audioimporter-0.2.4-dev.dll' err='GetProcAddress failed'
2026-02-18T13:46:14.448778Z  INFO main ThreadId(01) newengine_core::plugins::host_api: crates\newengine-core\src\plugins\host_api.rs: assets: importer loaded 'C:\Users\Aiden\Documents\Kayla's Systems\NewEngine\neocore2\target\debug\../../importers\fontImporter-0.2.0-dev.dll'
2026-02-18T13:46:14.449300Z  INFO main ThreadId(01) newengine_core::plugins::host_api: crates\newengine-core\src\plugins\host_api.rs: 3d-importer: service registered (kalitech.import.3d.v1)
2026-02-18T13:46:14.449574Z  INFO main ThreadId(01) newengine_core::plugins::host_api: crates\newengine-core\src\plugins\host_api.rs: assets: importer loaded 'C:\Users\Aiden\Documents\Kayla's Systems\NewEngine\neocore2\target\debug\../../importers\geometryImporter-0.1.0-dev.dll'
2026-02-18T13:46:14.450671Z  INFO main ThreadId(01) newengine_core::plugins::host_api: crates\newengine-core\src\plugins\host_api.rs: assets: importer discovered id='kalitech.import.image.v1' type='kalitech.asset.texture' priority=0 format='image' method='import_image_v1' ext_hint=false exts=["ico", "jpg", "jpeg", "gif", "tga", "bmp", "png", "svg", "dds", "webp"]
2026-02-18T13:46:14.450844Z  INFO main ThreadId(01) newengine_core::plugins::host_api: crates\newengine-core\src\plugins\host_api.rs: assets: importer loaded 'C:\Users\Aiden\Documents\Kayla's Systems\NewEngine\neocore2\target\debug\../../importers\imageImporter-0.2.4-dev.dll'
2026-02-18T13:46:14.451360Z  INFO main ThreadId(01) newengine_core::plugins::host_api: crates\newengine-core\src\plugins\host_api.rs: text-importer: providers registered ok=14 failed=0
2026-02-18T13:46:14.451505Z  INFO main ThreadId(01) newengine_core::plugins::host_api: crates\newengine-core\src\plugins\host_api.rs: assets: importer discovered id='kalitech.import.csv.v1' type='kalitech.asset.text' priority=100 format='csv' method='import_text_v1' ext_hint=true exts=["csv"]
2026-02-18T13:46:14.451655Z  INFO main ThreadId(01) newengine_core::plugins::host_api: crates\newengine-core\src\plugins\host_api.rs: assets: importer discovered id='kalitech.import.glsl.v1' type='kalitech.asset.text' priority=100 format='glsl' method='import_text_v1' ext_hint=true exts=["glsl"]
2026-02-18T13:46:14.451809Z  INFO main ThreadId(01) newengine_core::plugins::host_api: crates\newengine-core\src\plugins\host_api.rs: assets: importer discovered id='kalitech.import.hlsl.v1' type='kalitech.asset.text' priority=100 format='hlsl' method='import_text_v1' ext_hint=true exts=["hlsl"]
2026-02-18T13:46:14.451979Z  INFO main ThreadId(01) newengine_core::plugins::host_api: crates\newengine-core\src\plugins\host_api.rs: assets: importer discovered id='kalitech.import.html.v1' type='kalitech.asset.text' priority=100 format='html' method='import_text_v1' ext_hint=true exts=["htm", "html"]
2026-02-18T13:46:14.452140Z  INFO main ThreadId(01) newengine_core::plugins::host_api: crates\newengine-core\src\plugins\host_api.rs: assets: importer discovered id='kalitech.import.ini.v1' type='kalitech.asset.text' priority=100 format='ini' method='import_text_v1' ext_hint=true exts=["cfg", "ini"]
2026-02-18T13:46:14.452289Z  INFO main ThreadId(01) newengine_core::plugins::host_api: crates\newengine-core\src\plugins\host_api.rs: assets: importer discovered id='kalitech.import.json.v1' type='kalitech.asset.text' priority=100 format='json' method='import_text_v1' ext_hint=true exts=["json"]
2026-02-18T13:46:14.452440Z  INFO main ThreadId(01) newengine_core::plugins::host_api: crates\newengine-core\src\plugins\host_api.rs: assets: importer discovered id='kalitech.import.ron.v1' type='kalitech.asset.text' priority=100 format='ron' method='import_text_v1' ext_hint=true exts=["ron"]
2026-02-18T13:46:14.452628Z  INFO main ThreadId(01) newengine_core::plugins::host_api: crates\newengine-core\src\plugins\host_api.rs: assets: importer discovered id='kalitech.import.shader.v1' type='kalitech.asset.text' priority=100 format='shader' method='import_text_v1' ext_hint=true exts=["comp", "frag", "vert"]
2026-02-18T13:46:14.452786Z  INFO main ThreadId(01) newengine_core::plugins::host_api: crates\newengine-core\src\plugins\host_api.rs: assets: importer discovered id='kalitech.import.toml.v1' type='kalitech.asset.text' priority=100 format='toml' method='import_text_v1' ext_hint=true exts=["toml"]
2026-02-18T13:46:14.452936Z  INFO main ThreadId(01) newengine_core::plugins::host_api: crates\newengine-core\src\plugins\host_api.rs: assets: importer discovered id='kalitech.import.txt.v1' type='kalitech.asset.text' priority=100 format='txt' method='import_text_v1' ext_hint=true exts=["md", "txt"]
2026-02-18T13:46:14.453130Z  INFO main ThreadId(01) newengine_core::plugins::host_api: crates\newengine-core\src\plugins\host_api.rs: assets: importer discovered id='kalitech.import.ui.v1' type='kalitech.asset.text' priority=100 format='ui' method='import_text_v1' ext_hint=true exts=["ui"]
2026-02-18T13:46:14.453281Z  INFO main ThreadId(01) newengine_core::plugins::host_api: crates\newengine-core\src\plugins\host_api.rs: assets: importer discovered id='kalitech.import.wgsl.v1' type='kalitech.asset.text' priority=100 format='wgsl' method='import_text_v1' ext_hint=true exts=["wgsl"]
2026-02-18T13:46:14.453425Z  INFO main ThreadId(01) newengine_core::plugins::host_api: crates\newengine-core\src\plugins\host_api.rs: assets: importer discovered id='kalitech.import.xml.v1' type='kalitech.asset.text' priority=100 format='xml' method='import_text_v1' ext_hint=true exts=["xml"]
2026-02-18T13:46:14.453641Z  INFO main ThreadId(01) newengine_core::plugins::host_api: crates\newengine-core\src\plugins\host_api.rs: assets: importer discovered id='kalitech.import.yaml.v1' type='kalitech.asset.text' priority=100 format='yaml' method='import_text_v1' ext_hint=true exts=["yaml", "yml"]
2026-02-18T13:46:14.453818Z  INFO main ThreadId(01) newengine_core::plugins::host_api: crates\newengine-core\src\plugins\host_api.rs: assets: importer loaded 'C:\Users\Aiden\Documents\Kayla's Systems\NewEngine\neocore2\target\debug\../../importers\textimporter-0.2.4-dev.dll'
2026-02-18T13:46:14.453910Z  INFO main ThreadId(01) newengine_core::plugins::host_api: crates\newengine-core\src\plugins\host_api.rs: assets: initialized
2026-02-18T13:46:14.453999Z  INFO main ThreadId(01) newengine_core::plugins::manager: crates\newengine-core\src\plugins\manager.rs: plugins: loaded id='assetManager' ver='0.2.5' from 'C:\Users\Aiden\Documents\Kayla's Systems\NewEngine\neocore2\target\debug\../../engineModules\assetManager-0.2.5-dev.dll'
2026-02-18T13:46:14.454129Z  INFO main ThreadId(01) newengine_core::plugins::manager: crates\newengine-core\src\plugins\manager.rs: plugins: loading 'C:\Users\Aiden\Documents\Kayla's Systems\NewEngine\neocore2\target\debug\../../engineModules\input-0.1.9-dev.dll'
2026-02-18T13:46:14.459948Z  INFO main ThreadId(01) newengine_core::plugins::host_api: crates\newengine-core\src\plugins\host_api.rs: input: initialized (events + gilrs)
2026-02-18T13:46:14.460079Z  INFO main ThreadId(01) newengine_core::plugins::manager: crates\newengine-core\src\plugins\manager.rs: plugins: loaded id='input' ver='0.1.9' from 'C:\Users\Aiden\Documents\Kayla's Systems\NewEngine\neocore2\target\debug\../../engineModules\input-0.1.9-dev.dll'
2026-02-18T13:46:14.460367Z  INFO main ThreadId(01) newengine_core::engine::timing: C:\Users\Aiden\Documents\Kayla's Systems\NewEngine\neocore2\crates\newengine-core\src\engine\timing.rs: plugins: done (phase=load count=2 elapsed_ms=16)
2026-02-18T13:46:14.651868Z  WARN main ThreadId(01) newengine_modules_render_vulkan_ash::vulkan::renderer::init: crates\newengine-modules-render-vulkan-ash\src\vulkan\renderer\init.rs: Vulkan validation layer not found; running without validation.
2026-02-18T13:46:14.860865Z DEBUG main ThreadId(01) newengine_core::engine::plugins: C:\Users\Aiden\Documents\Kayla's Systems\NewEngine\neocore2\crates\newengine-core\src\engine\plugins.rs: plugins: load skipped (already loaded)
2026-02-18T13:46:14.861040Z  INFO main ThreadId(01) newengine_core::engine::plugins: C:\Users\Aiden\Documents\Kayla's Systems\NewEngine\neocore2\crates\newengine-core\src\engine\plugins.rs: plugins: diagnostics tag='after module init' loaded=2
2026-02-18T13:46:14.861136Z  INFO main ThreadId(01) newengine_core::engine::plugins: C:\Users\Aiden\Documents\Kayla's Systems\NewEngine\neocore2\crates\newengine-core\src\engine\plugins.rs: plugins: diag [01/02] id='assetManager' ver='0.2.5' state='registered'
2026-02-18T13:46:14.861231Z  INFO main ThreadId(01) newengine_core::engine::plugins: C:\Users\Aiden\Documents\Kayla's Systems\NewEngine\neocore2\crates\newengine-core\src\engine\plugins.rs: plugins: diag [02/02] id='input' ver='0.1.9' state='registered'
2026-02-18T13:46:14.861360Z DEBUG main ThreadId(01) newengine_core::engine::plugins: C:\Users\Aiden\Documents\Kayla's Systems\NewEngine\neocore2\crates\newengine-core\src\engine\plugins.rs: plugins: diag.debug id='assetManager' ver='0.2.5' kind=Some(Runtime) caps=2 path='C:\Users\Aiden\Documents\Kayla's Systems\NewEngine\neocore2\target\debug\../../engineModules\assetManager-0.2.5-dev.dll'
2026-02-18T13:46:14.861485Z DEBUG main ThreadId(01) newengine_core::engine::plugins: C:\Users\Aiden\Documents\Kayla's Systems\NewEngine\neocore2\crates\newengine-core\src\engine\plugins.rs: plugins: diag.debug id='input' ver='0.1.9' kind=Some(Runtime) caps=2 path='C:\Users\Aiden\Documents\Kayla's Systems\NewEngine\neocore2\target\debug\../../engineModules\input-0.1.9-dev.dll'
2026-02-18T13:46:14.882029Z DEBUG main ThreadId(01) editor::render_controller::gpu: apps\editor\src\render_controller\gpu.rs: asset.read ok kind=text rel='shaders/editor_lit.vert' path='C:\Users\Aiden\Documents\Kayla's Systems\NewEngine\neocore2\assets\shaders/editor_lit.vert' bytes=297
2026-02-18T13:46:14.882198Z DEBUG main ThreadId(01) editor::render_controller::gpu: apps\editor\src\render_controller\gpu.rs: asset.read ok kind=text rel='shaders/editor_lit.frag' path='C:\Users\Aiden\Documents\Kayla's Systems\NewEngine\neocore2\assets\shaders/editor_lit.frag' bytes=391
2026-02-18T13:46:15.335456Z DEBUG main ThreadId(01) editor::render_controller::gpu: apps\editor\src\render_controller\gpu.rs: asset.read ok kind=text rel='shaders/editor_grid.vert' path='C:\Users\Aiden\Documents\Kayla's Systems\NewEngine\neocore2\assets\shaders/editor_grid.vert' bytes=274
2026-02-18T13:46:15.335670Z DEBUG main ThreadId(01) editor::render_controller::gpu: apps\editor\src\render_controller\gpu.rs: asset.read ok kind=text rel='shaders/editor_grid.frag' path='C:\Users\Aiden\Documents\Kayla's Systems\NewEngine\neocore2\assets\shaders/editor_grid.frag' bytes=124
2026-02-18T14:08:14.344923Z  INFO main ThreadId(01) startup.banner.pretty: crates\newengine-core\src\startup\logging.rs: === newengine-core STARTUP ===
version      : 0.1.0
target       : x86_64 (windows)
pid          : 11120
exe          : C:\Users\Aiden\Documents\Kayla's Systems\NewEngine\neocore2\target\debug\editor.exe
cwd          : C:\Users\Aiden\Documents\Kayla's Systems\NewEngine\neocore2

cpu          : Intel(R) Core(TM) i7-6950X CPU @ 3.00GHz
cpu.cores    : 20
ram.total_mb : 32604
gpu          : NVIDIA GeForce GTX 1080 Ti
vram.mb      : 11106
directx      : D3D12 feature_level=12_1

log.mode     : console+file
log.filter   : debug,newengine_render=debug
log.file     : logs/editor.log
log.colors   : true
log.timestamp: millis
log.target   : stderr
build.ts     : unknown
=== STARTUP END ===
2026-02-18T14:08:14.345107Z  INFO main ThreadId(01) startup.banner: crates\newengine-core\src\startup\logging.rs: startup engine=newengine-core ver=0.1.0 target=x86_64 os=windows pid=11120 exe="C:\Users\Aiden\Documents\Kayla's Systems\NewEngine\neocore2\target\debug\editor.exe" cwd="C:\Users\Aiden\Documents\Kayla's Systems\NewEngine\neocore2" cpu="Intel(R) Core(TM) i7-6950X CPU @ 3.00GHz" cores=20 ram_mb=32604 gpu="NVIDIA GeForce GTX 1080 Ti" vram_mb=11106 dx="D3D12 feature_level=12_1" log_mode=console+file log_filter="debug,newengine_render=debug" log_file="logs/editor.log" build_ts="unknown"
2026-02-18T14:08:14.345525Z DEBUG main ThreadId(01) newengine_math::registry: crates\newengine-math\src\registry.rs: math.register id='newengine.math.vec2.dot.v1' provider='newengine.core' sig=Signature { inputs: [Vec2, Vec2], output: F32 }
2026-02-18T14:08:14.345621Z DEBUG main ThreadId(01) newengine_math::registry: crates\newengine-math\src\registry.rs: math.register id='newengine.math.vec2.length_sq.v1' provider='newengine.core' sig=Signature { inputs: [Vec2], output: F32 }
2026-02-18T14:08:14.345712Z DEBUG main ThreadId(01) newengine_math::registry: crates\newengine-math\src\registry.rs: math.register id='newengine.math.vec2.length.v1' provider='newengine.core' sig=Signature { inputs: [Vec2], output: F32 }
2026-02-18T14:08:14.345820Z DEBUG main ThreadId(01) newengine_math::registry: crates\newengine-math\src\registry.rs: math.register id='newengine.math.vec2.normalize.v1' provider='newengine.core' sig=Signature { inputs: [Vec2], output: Vec2 }
2026-02-18T14:08:14.345922Z DEBUG main ThreadId(01) newengine_math::registry: crates\newengine-math\src\registry.rs: math.register id='newengine.math.vec3.dot.v1' provider='newengine.core' sig=Signature { inputs: [Vec3, Vec3], output: F32 }
2026-02-18T14:08:14.346017Z DEBUG main ThreadId(01) newengine_math::registry: crates\newengine-math\src\registry.rs: math.register id='newengine.math.vec3.cross.v1' provider='newengine.core' sig=Signature { inputs: [Vec3, Vec3], output: Vec3 }
2026-02-18T14:08:14.346109Z DEBUG main ThreadId(01) newengine_math::registry: crates\newengine-math\src\registry.rs: math.register id='newengine.math.vec3.length_sq.v1' provider='newengine.core' sig=Signature { inputs: [Vec3], output: F32 }
2026-02-18T14:08:14.346204Z DEBUG main ThreadId(01) newengine_math::registry: crates\newengine-math\src\registry.rs: math.register id='newengine.math.vec3.length.v1' provider='newengine.core' sig=Signature { inputs: [Vec3], output: F32 }
2026-02-18T14:08:14.346321Z DEBUG main ThreadId(01) newengine_math::registry: crates\newengine-math\src\registry.rs: math.register id='newengine.math.vec3.normalize.v1' provider='newengine.core' sig=Signature { inputs: [Vec3], output: Vec3 }
2026-02-18T14:08:14.346440Z DEBUG main ThreadId(01) newengine_math::registry: crates\newengine-math\src\registry.rs: math.register id='newengine.math.quat.mul.v1' provider='newengine.core' sig=Signature { inputs: [Quat, Quat], output: Quat }
2026-02-18T14:08:14.346537Z DEBUG main ThreadId(01) newengine_math::registry: crates\newengine-math\src\registry.rs: math.register id='newengine.math.quat.rotate_vec3.v1' provider='newengine.core' sig=Signature { inputs: [Quat, Vec3], output: Vec3 }
2026-02-18T14:08:14.346634Z DEBUG main ThreadId(01) newengine_math::registry: crates\newengine-math\src\registry.rs: math.register id='newengine.math.mat4.mul.v1' provider='newengine.core' sig=Signature { inputs: [Mat4, Mat4], output: Mat4 }
2026-02-18T14:08:14.346726Z DEBUG main ThreadId(01) newengine_math::registry: crates\newengine-math\src\registry.rs: math.register id='newengine.math.mat4.transform_point3.v1' provider='newengine.core' sig=Signature { inputs: [Mat4, Vec3], output: Vec3 }
2026-02-18T14:08:14.346838Z DEBUG main ThreadId(01) newengine_math::registry: crates\newengine-math\src\registry.rs: math.register id='newengine.math.mat4.transform_vec3.v1' provider='newengine.core' sig=Signature { inputs: [Mat4, Vec3], output: Vec3 }
2026-02-18T14:08:14.347102Z  INFO main ThreadId(01) newengine_core::engine::timing: C:\Users\Aiden\Documents\Kayla's Systems\NewEngine\neocore2\crates\newengine-core\src\engine\timing.rs: plugins: starting (phase=load)
2026-02-18T14:08:14.347241Z  INFO main ThreadId(01) newengine_core::plugins::manager: crates\newengine-core\src\plugins\manager.rs: plugins: scanning directory 'C:\Users\Aiden\Documents\Kayla's Systems\NewEngine\neocore2\target\debug\../../engineModules'
2026-02-18T14:08:14.347505Z  INFO main ThreadId(01) newengine_core::plugins::manager: crates\newengine-core\src\plugins\manager.rs: plugins: found 2 candidate(s) in 'C:\Users\Aiden\Documents\Kayla's Systems\NewEngine\neocore2\target\debug\../../engineModules'
2026-02-18T14:08:14.347615Z  INFO main ThreadId(01) newengine_core::plugins::manager: crates\newengine-core\src\plugins\manager.rs: plugins: loading 'C:\Users\Aiden\Documents\Kayla's Systems\NewEngine\neocore2\target\debug\../../engineModules\assetManager-0.2.5-dev.dll'
2026-02-18T14:08:14.349205Z  WARN main ThreadId(01) newengine_core::plugins::host_api: crates\newengine-core\src\plugins\host_api.rs: assets: importer failed 'C:\Users\Aiden\Documents\Kayla's Systems\NewEngine\neocore2\target\debug\../../importers\audioimporter-0.2.4-dev.dll' err='GetProcAddress failed'
2026-02-18T14:08:14.349716Z  INFO main ThreadId(01) newengine_core::plugins::host_api: crates\newengine-core\src\plugins\host_api.rs: assets: importer loaded 'C:\Users\Aiden\Documents\Kayla's Systems\NewEngine\neocore2\target\debug\../../importers\fontImporter-0.2.0-dev.dll'
2026-02-18T14:08:14.350192Z  INFO main ThreadId(01) newengine_core::plugins::host_api: crates\newengine-core\src\plugins\host_api.rs: 3d-importer: service registered (kalitech.import.3d.v1)
2026-02-18T14:08:14.350420Z  INFO main ThreadId(01) newengine_core::plugins::host_api: crates\newengine-core\src\plugins\host_api.rs: assets: importer loaded 'C:\Users\Aiden\Documents\Kayla's Systems\NewEngine\neocore2\target\debug\../../importers\geometryImporter-0.1.0-dev.dll'
2026-02-18T14:08:14.351131Z  INFO main ThreadId(01) newengine_core::plugins::host_api: crates\newengine-core\src\plugins\host_api.rs: assets: importer discovered id='kalitech.import.image.v1' type='kalitech.asset.texture' priority=0 format='image' method='import_image_v1' ext_hint=false exts=["ico", "jpg", "jpeg", "gif", "tga", "bmp", "png", "svg", "dds", "webp"]
2026-02-18T14:08:14.351314Z  INFO main ThreadId(01) newengine_core::plugins::host_api: crates\newengine-core\src\plugins\host_api.rs: assets: importer loaded 'C:\Users\Aiden\Documents\Kayla's Systems\NewEngine\neocore2\target\debug\../../importers\imageImporter-0.2.4-dev.dll'
2026-02-18T14:08:14.351854Z  INFO main ThreadId(01) newengine_core::plugins::host_api: crates\newengine-core\src\plugins\host_api.rs: text-importer: providers registered ok=14 failed=0
2026-02-18T14:08:14.352035Z  INFO main ThreadId(01) newengine_core::plugins::host_api: crates\newengine-core\src\plugins\host_api.rs: assets: importer discovered id='kalitech.import.csv.v1' type='kalitech.asset.text' priority=100 format='csv' method='import_text_v1' ext_hint=true exts=["csv"]
2026-02-18T14:08:14.352216Z  INFO main ThreadId(01) newengine_core::plugins::host_api: crates\newengine-core\src\plugins\host_api.rs: assets: importer discovered id='kalitech.import.glsl.v1' type='kalitech.asset.text' priority=100 format='glsl' method='import_text_v1' ext_hint=true exts=["glsl"]
2026-02-18T14:08:14.352385Z  INFO main ThreadId(01) newengine_core::plugins::host_api: crates\newengine-core\src\plugins\host_api.rs: assets: importer discovered id='kalitech.import.hlsl.v1' type='kalitech.asset.text' priority=100 format='hlsl' method='import_text_v1' ext_hint=true exts=["hlsl"]
2026-02-18T14:08:14.352572Z  INFO main ThreadId(01) newengine_core::plugins::host_api: crates\newengine-core\src\plugins\host_api.rs: assets: importer discovered id='kalitech.import.html.v1' type='kalitech.asset.text' priority=100 format='html' method='import_text_v1' ext_hint=true exts=["htm", "html"]
2026-02-18T14:08:14.352753Z  INFO main ThreadId(01) newengine_core::plugins::host_api: crates\newengine-core\src\plugins\host_api.rs: assets: importer discovered id='kalitech.import.ini.v1' type='kalitech.asset.text' priority=100 format='ini' method='import_text_v1' ext_hint=true exts=["cfg", "ini"]
2026-02-18T14:08:14.352921Z  INFO main ThreadId(01) newengine_core::plugins::host_api: crates\newengine-core\src\plugins\host_api.rs: assets: importer discovered id='kalitech.import.json.v1' type='kalitech.asset.text' priority=100 format='json' method='import_text_v1' ext_hint=true exts=["json"]
2026-02-18T14:08:14.353107Z  INFO main ThreadId(01) newengine_core::plugins::host_api: crates\newengine-core\src\plugins\host_api.rs: assets: importer discovered id='kalitech.import.ron.v1' type='kalitech.asset.text' priority=100 format='ron' method='import_text_v1' ext_hint=true exts=["ron"]
2026-02-18T14:08:14.353282Z  INFO main ThreadId(01) newengine_core::plugins::host_api: crates\newengine-core\src\plugins\host_api.rs: assets: importer discovered id='kalitech.import.shader.v1' type='kalitech.asset.text' priority=100 format='shader' method='import_text_v1' ext_hint=true exts=["comp", "frag", "vert"]
2026-02-18T14:08:14.353443Z  INFO main ThreadId(01) newengine_core::plugins::host_api: crates\newengine-core\src\plugins\host_api.rs: assets: importer discovered id='kalitech.import.toml.v1' type='kalitech.asset.text' priority=100 format='toml' method='import_text_v1' ext_hint=true exts=["toml"]
2026-02-18T14:08:14.353618Z  INFO main ThreadId(01) newengine_core::plugins::host_api: crates\newengine-core\src\plugins\host_api.rs: assets: importer discovered id='kalitech.import.txt.v1' type='kalitech.asset.text' priority=100 format='txt' method='import_text_v1' ext_hint=true exts=["md", "txt"]
2026-02-18T14:08:14.353825Z  INFO main ThreadId(01) newengine_core::plugins::host_api: crates\newengine-core\src\plugins\host_api.rs: assets: importer discovered id='kalitech.import.ui.v1' type='kalitech.asset.text' priority=100 format='ui' method='import_text_v1' ext_hint=true exts=["ui"]
2026-02-18T14:08:14.353978Z  INFO main ThreadId(01) newengine_core::plugins::host_api: crates\newengine-core\src\plugins\host_api.rs: assets: importer discovered id='kalitech.import.wgsl.v1' type='kalitech.asset.text' priority=100 format='wgsl' method='import_text_v1' ext_hint=true exts=["wgsl"]
2026-02-18T14:08:14.354139Z  INFO main ThreadId(01) newengine_core::plugins::host_api: crates\newengine-core\src\plugins\host_api.rs: assets: importer discovered id='kalitech.import.xml.v1' type='kalitech.asset.text' priority=100 format='xml' method='import_text_v1' ext_hint=true exts=["xml"]
2026-02-18T14:08:14.354323Z  INFO main ThreadId(01) newengine_core::plugins::host_api: crates\newengine-core\src\plugins\host_api.rs: assets: importer discovered id='kalitech.import.yaml.v1' type='kalitech.asset.text' priority=100 format='yaml' method='import_text_v1' ext_hint=true exts=["yaml", "yml"]
2026-02-18T14:08:14.354463Z  INFO main ThreadId(01) newengine_core::plugins::host_api: crates\newengine-core\src\plugins\host_api.rs: assets: importer loaded 'C:\Users\Aiden\Documents\Kayla's Systems\NewEngine\neocore2\target\debug\../../importers\textimporter-0.2.4-dev.dll'
2026-02-18T14:08:14.354554Z  INFO main ThreadId(01) newengine_core::plugins::host_api: crates\newengine-core\src\plugins\host_api.rs: assets: initialized
2026-02-18T14:08:14.354635Z  INFO main ThreadId(01) newengine_core::plugins::manager: crates\newengine-core\src\plugins\manager.rs: plugins: loaded id='assetManager' ver='0.2.5' from 'C:\Users\Aiden\Documents\Kayla's Systems\NewEngine\neocore2\target\debug\../../engineModules\assetManager-0.2.5-dev.dll'
2026-02-18T14:08:14.354761Z  INFO main ThreadId(01) newengine_core::plugins::manager: crates\newengine-core\src\plugins\manager.rs: plugins: loading 'C:\Users\Aiden\Documents\Kayla's Systems\NewEngine\neocore2\target\debug\../../engineModules\input-0.1.9-dev.dll'
2026-02-18T14:08:14.360591Z  INFO main ThreadId(01) newengine_core::plugins::host_api: crates\newengine-core\src\plugins\host_api.rs: input: initialized (events + gilrs)
2026-02-18T14:08:14.360688Z  INFO main ThreadId(01) newengine_core::plugins::manager: crates\newengine-core\src\plugins\manager.rs: plugins: loaded id='input' ver='0.1.9' from 'C:\Users\Aiden\Documents\Kayla's Systems\NewEngine\neocore2\target\debug\../../engineModules\input-0.1.9-dev.dll'
2026-02-18T14:08:14.360942Z  INFO main ThreadId(01) newengine_core::engine::timing: C:\Users\Aiden\Documents\Kayla's Systems\NewEngine\neocore2\crates\newengine-core\src\engine\timing.rs: plugins: done (phase=load count=2 elapsed_ms=13)
2026-02-18T14:08:14.537964Z  WARN main ThreadId(01) newengine_modules_render_vulkan_ash::vulkan::renderer::init: crates\newengine-modules-render-vulkan-ash\src\vulkan\renderer\init.rs: Vulkan validation layer not found; running without validation.
2026-02-18T14:08:14.745976Z DEBUG main ThreadId(01) newengine_core::engine::plugins: C:\Users\Aiden\Documents\Kayla's Systems\NewEngine\neocore2\crates\newengine-core\src\engine\plugins.rs: plugins: load skipped (already loaded)
2026-02-18T14:08:14.746089Z  INFO main ThreadId(01) newengine_core::engine::plugins: C:\Users\Aiden\Documents\Kayla's Systems\NewEngine\neocore2\crates\newengine-core\src\engine\plugins.rs: plugins: diagnostics tag='after module init' loaded=2
2026-02-18T14:08:14.746168Z  INFO main ThreadId(01) newengine_core::engine::plugins: C:\Users\Aiden\Documents\Kayla's Systems\NewEngine\neocore2\crates\newengine-core\src\engine\plugins.rs: plugins: diag [01/02] id='assetManager' ver='0.2.5' state='registered'
2026-02-18T14:08:14.746245Z  INFO main ThreadId(01) newengine_core::engine::plugins: C:\Users\Aiden\Documents\Kayla's Systems\NewEngine\neocore2\crates\newengine-core\src\engine\plugins.rs: plugins: diag [02/02] id='input' ver='0.1.9' state='registered'
2026-02-18T14:08:14.746353Z DEBUG main ThreadId(01) newengine_core::engine::plugins: C:\Users\Aiden\Documents\Kayla's Systems\NewEngine\neocore2\crates\newengine-core\src\engine\plugins.rs: plugins: diag.debug id='assetManager' ver='0.2.5' kind=Some(Runtime) caps=2 path='C:\Users\Aiden\Documents\Kayla's Systems\NewEngine\neocore2\target\debug\../../engineModules\assetManager-0.2.5-dev.dll'
2026-02-18T14:08:14.746454Z DEBUG main ThreadId(01) newengine_core::engine::plugins: C:\Users\Aiden\Documents\Kayla's Systems\NewEngine\neocore2\crates\newengine-core\src\engine\plugins.rs: plugins: diag.debug id='input' ver='0.1.9' kind=Some(Runtime) caps=2 path='C:\Users\Aiden\Documents\Kayla's Systems\NewEngine\neocore2\target\debug\../../engineModules\input-0.1.9-dev.dll'
2026-02-18T14:08:14.766831Z DEBUG main ThreadId(01) editor::render_controller::gpu: apps\editor\src\render_controller\gpu.rs: asset.read ok kind=text rel='shaders/editor_lit.vert' path='C:\Users\Aiden\Documents\Kayla's Systems\NewEngine\neocore2\assets\shaders/editor_lit.vert' bytes=297
2026-02-18T14:08:14.766994Z DEBUG main ThreadId(01) editor::render_controller::gpu: apps\editor\src\render_controller\gpu.rs: asset.read ok kind=text rel='shaders/editor_lit.frag' path='C:\Users\Aiden\Documents\Kayla's Systems\NewEngine\neocore2\assets\shaders/editor_lit.frag' bytes=391
2026-02-18T14:08:15.181332Z DEBUG main ThreadId(01) editor::render_controller::gpu: apps\editor\src\render_controller\gpu.rs: asset.read ok kind=text rel='shaders/editor_grid.vert' path='C:\Users\Aiden\Documents\Kayla's Systems\NewEngine\neocore2\assets\shaders/editor_grid.vert' bytes=274
2026-02-18T14:08:15.181513Z DEBUG main ThreadId(01) editor::render_controller::gpu: apps\editor\src\render_controller\gpu.rs: asset.read ok kind=text rel='shaders/editor_grid.frag' path='C:\Users\Aiden\Documents\Kayla's Systems\NewEngine\neocore2\assets\shaders/editor_grid.frag' bytes=124
2026-02-18T14:11:06.985482Z  INFO main ThreadId(01) startup.banner.pretty: crates\newengine-core\src\startup\logging.rs: === newengine-core STARTUP ===
version      : 0.1.0
target       : x86_64 (windows)
pid          : 6388
exe          : C:\Users\Aiden\Documents\Kayla's Systems\NewEngine\neocore2\target\debug\editor.exe
cwd          : C:\Users\Aiden\Documents\Kayla's Systems\NewEngine\neocore2

cpu          : Intel(R) Core(TM) i7-6950X CPU @ 3.00GHz
cpu.cores    : 20
ram.total_mb : 32604
gpu          : NVIDIA GeForce GTX 1080 Ti
vram.mb      : 11106
directx      : D3D12 feature_level=12_1

log.mode     : console+file
log.filter   : debug,newengine_render=debug
log.file     : logs/editor.log
log.colors   : true
log.timestamp: millis
log.target   : stderr
build.ts     : unknown
=== STARTUP END ===
2026-02-18T14:11:06.985634Z  INFO main ThreadId(01) startup.banner: crates\newengine-core\src\startup\logging.rs: startup engine=newengine-core ver=0.1.0 target=x86_64 os=windows pid=6388 exe="C:\Users\Aiden\Documents\Kayla's Systems\NewEngine\neocore2\target\debug\editor.exe" cwd="C:\Users\Aiden\Documents\Kayla's Systems\NewEngine\neocore2" cpu="Intel(R) Core(TM) i7-6950X CPU @ 3.00GHz" cores=20 ram_mb=32604 gpu="NVIDIA GeForce GTX 1080 Ti" vram_mb=11106 dx="D3D12 feature_level=12_1" log_mode=console+file log_filter="debug,newengine_render=debug" log_file="logs/editor.log" build_ts="unknown"
2026-02-18T14:11:06.986044Z DEBUG main ThreadId(01) newengine_math::registry: crates\newengine-math\src\registry.rs: math.register id='newengine.math.vec2.dot.v1' provider='newengine.core' sig=Signature { inputs: [Vec2, Vec2], output: F32 }
2026-02-18T14:11:06.986137Z DEBUG main ThreadId(01) newengine_math::registry: crates\newengine-math\src\registry.rs: math.register id='newengine.math.vec2.length_sq.v1' provider='newengine.core' sig=Signature { inputs: [Vec2], output: F32 }
2026-02-18T14:11:06.986229Z DEBUG main ThreadId(01) newengine_math::registry: crates\newengine-math\src\registry.rs: math.register id='newengine.math.vec2.length.v1' provider='newengine.core' sig=Signature { inputs: [Vec2], output: F32 }
2026-02-18T14:11:06.986331Z DEBUG main ThreadId(01) newengine_math::registry: crates\newengine-math\src\registry.rs: math.register id='newengine.math.vec2.normalize.v1' provider='newengine.core' sig=Signature { inputs: [Vec2], output: Vec2 }
2026-02-18T14:11:06.986448Z DEBUG main ThreadId(01) newengine_math::registry: crates\newengine-math\src\registry.rs: math.register id='newengine.math.vec3.dot.v1' provider='newengine.core' sig=Signature { inputs: [Vec3, Vec3], output: F32 }
2026-02-18T14:11:06.986536Z DEBUG main ThreadId(01) newengine_math::registry: crates\newengine-math\src\registry.rs: math.register id='newengine.math.vec3.cross.v1' provider='newengine.core' sig=Signature { inputs: [Vec3, Vec3], output: Vec3 }
2026-02-18T14:11:06.986618Z DEBUG main ThreadId(01) newengine_math::registry: crates\newengine-math\src\registry.rs: math.register id='newengine.math.vec3.length_sq.v1' provider='newengine.core' sig=Signature { inputs: [Vec3], output: F32 }
2026-02-18T14:11:06.986705Z DEBUG main ThreadId(01) newengine_math::registry: crates\newengine-math\src\registry.rs: math.register id='newengine.math.vec3.length.v1' provider='newengine.core' sig=Signature { inputs: [Vec3], output: F32 }
2026-02-18T14:11:06.986799Z DEBUG main ThreadId(01) newengine_math::registry: crates\newengine-math\src\registry.rs: math.register id='newengine.math.vec3.normalize.v1' provider='newengine.core' sig=Signature { inputs: [Vec3], output: Vec3 }
2026-02-18T14:11:06.986901Z DEBUG main ThreadId(01) newengine_math::registry: crates\newengine-math\src\registry.rs: math.register id='newengine.math.quat.mul.v1' provider='newengine.core' sig=Signature { inputs: [Quat, Quat], output: Quat }
2026-02-18T14:11:06.986992Z DEBUG main ThreadId(01) newengine_math::registry: crates\newengine-math\src\registry.rs: math.register id='newengine.math.quat.rotate_vec3.v1' provider='newengine.core' sig=Signature { inputs: [Quat, Vec3], output: Vec3 }
2026-02-18T14:11:06.987076Z DEBUG main ThreadId(01) newengine_math::registry: crates\newengine-math\src\registry.rs: math.register id='newengine.math.mat4.mul.v1' provider='newengine.core' sig=Signature { inputs: [Mat4, Mat4], output: Mat4 }
2026-02-18T14:11:06.987159Z DEBUG main ThreadId(01) newengine_math::registry: crates\newengine-math\src\registry.rs: math.register id='newengine.math.mat4.transform_point3.v1' provider='newengine.core' sig=Signature { inputs: [Mat4, Vec3], output: Vec3 }
2026-02-18T14:11:06.987241Z DEBUG main ThreadId(01) newengine_math::registry: crates\newengine-math\src\registry.rs: math.register id='newengine.math.mat4.transform_vec3.v1' provider='newengine.core' sig=Signature { inputs: [Mat4, Vec3], output: Vec3 }
2026-02-18T14:11:06.987471Z  INFO main ThreadId(01) newengine_core::engine::timing: C:\Users\Aiden\Documents\Kayla's Systems\NewEngine\neocore2\crates\newengine-core\src\engine\timing.rs: plugins: starting (phase=load)
2026-02-18T14:11:06.987568Z  INFO main ThreadId(01) newengine_core::plugins::manager: crates\newengine-core\src\plugins\manager.rs: plugins: scanning directory 'C:\Users\Aiden\Documents\Kayla's Systems\NewEngine\neocore2\target\debug\../../engineModules'
2026-02-18T14:11:06.987828Z  INFO main ThreadId(01) newengine_core::plugins::manager: crates\newengine-core\src\plugins\manager.rs: plugins: found 2 candidate(s) in 'C:\Users\Aiden\Documents\Kayla's Systems\NewEngine\neocore2\target\debug\../../engineModules'
2026-02-18T14:11:06.987919Z  INFO main ThreadId(01) newengine_core::plugins::manager: crates\newengine-core\src\plugins\manager.rs: plugins: loading 'C:\Users\Aiden\Documents\Kayla's Systems\NewEngine\neocore2\target\debug\../../engineModules\assetManager-0.2.5-dev.dll'
2026-02-18T14:11:06.989417Z  WARN main ThreadId(01) newengine_core::plugins::host_api: crates\newengine-core\src\plugins\host_api.rs: assets: importer failed 'C:\Users\Aiden\Documents\Kayla's Systems\NewEngine\neocore2\target\debug\../../importers\audioimporter-0.2.4-dev.dll' err='GetProcAddress failed'
2026-02-18T14:11:06.989890Z  INFO main ThreadId(01) newengine_core::plugins::host_api: crates\newengine-core\src\plugins\host_api.rs: assets: importer loaded 'C:\Users\Aiden\Documents\Kayla's Systems\NewEngine\neocore2\target\debug\../../importers\fontImporter-0.2.0-dev.dll'
2026-02-18T14:11:06.990302Z  INFO main ThreadId(01) newengine_core::plugins::host_api: crates\newengine-core\src\plugins\host_api.rs: 3d-importer: service registered (kalitech.import.3d.v1)
2026-02-18T14:11:06.990523Z  INFO main ThreadId(01) newengine_core::plugins::host_api: crates\newengine-core\src\plugins\host_api.rs: assets: importer loaded 'C:\Users\Aiden\Documents\Kayla's Systems\NewEngine\neocore2\target\debug\../../importers\geometryImporter-0.1.0-dev.dll'
2026-02-18T14:11:06.991483Z  INFO main ThreadId(01) newengine_core::plugins::host_api: crates\newengine-core\src\plugins\host_api.rs: assets: importer discovered id='kalitech.import.image.v1' type='kalitech.asset.texture' priority=0 format='image' method='import_image_v1' ext_hint=false exts=["ico", "jpg", "jpeg", "gif", "tga", "bmp", "png", "svg", "dds", "webp"]
2026-02-18T14:11:06.991665Z  INFO main ThreadId(01) newengine_core::plugins::host_api: crates\newengine-core\src\plugins\host_api.rs: assets: importer loaded 'C:\Users\Aiden\Documents\Kayla's Systems\NewEngine\neocore2\target\debug\../../importers\imageImporter-0.2.4-dev.dll'
2026-02-18T14:11:06.992176Z  INFO main ThreadId(01) newengine_core::plugins::host_api: crates\newengine-core\src\plugins\host_api.rs: text-importer: providers registered ok=14 failed=0
2026-02-18T14:11:06.992343Z  INFO main ThreadId(01) newengine_core::plugins::host_api: crates\newengine-core\src\plugins\host_api.rs: assets: importer discovered id='kalitech.import.csv.v1' type='kalitech.asset.text' priority=100 format='csv' method='import_text_v1' ext_hint=true exts=["csv"]
2026-02-18T14:11:06.992525Z  INFO main ThreadId(01) newengine_core::plugins::host_api: crates\newengine-core\src\plugins\host_api.rs: assets: importer discovered id='kalitech.import.glsl.v1' type='kalitech.asset.text' priority=100 format='glsl' method='import_text_v1' ext_hint=true exts=["glsl"]
2026-02-18T14:11:06.992689Z  INFO main ThreadId(01) newengine_core::plugins::host_api: crates\newengine-core\src\plugins\host_api.rs: assets: importer discovered id='kalitech.import.hlsl.v1' type='kalitech.asset.text' priority=100 format='hlsl' method='import_text_v1' ext_hint=true exts=["hlsl"]
2026-02-18T14:11:06.992884Z  INFO main ThreadId(01) newengine_core::plugins::host_api: crates\newengine-core\src\plugins\host_api.rs: assets: importer discovered id='kalitech.import.html.v1' type='kalitech.asset.text' priority=100 format='html' method='import_text_v1' ext_hint=true exts=["htm", "html"]
2026-02-18T14:11:06.993068Z  INFO main ThreadId(01) newengine_core::plugins::host_api: crates\newengine-core\src\plugins\host_api.rs: assets: importer discovered id='kalitech.import.ini.v1' type='kalitech.asset.text' priority=100 format='ini' method='import_text_v1' ext_hint=true exts=["cfg", "ini"]
2026-02-18T14:11:06.993227Z  INFO main ThreadId(01) newengine_core::plugins::host_api: crates\newengine-core\src\plugins\host_api.rs: assets: importer discovered id='kalitech.import.json.v1' type='kalitech.asset.text' priority=100 format='json' method='import_text_v1' ext_hint=true exts=["json"]
2026-02-18T14:11:06.993385Z  INFO main ThreadId(01) newengine_core::plugins::host_api: crates\newengine-core\src\plugins\host_api.rs: assets: importer discovered id='kalitech.import.ron.v1' type='kalitech.asset.text' priority=100 format='ron' method='import_text_v1' ext_hint=true exts=["ron"]
2026-02-18T14:11:06.993545Z  INFO main ThreadId(01) newengine_core::plugins::host_api: crates\newengine-core\src\plugins\host_api.rs: assets: importer discovered id='kalitech.import.shader.v1' type='kalitech.asset.text' priority=100 format='shader' method='import_text_v1' ext_hint=true exts=["comp", "frag", "vert"]
2026-02-18T14:11:06.993711Z  INFO main ThreadId(01) newengine_core::plugins::host_api: crates\newengine-core\src\plugins\host_api.rs: assets: importer discovered id='kalitech.import.toml.v1' type='kalitech.asset.text' priority=100 format='toml' method='import_text_v1' ext_hint=true exts=["toml"]
2026-02-18T14:11:06.993869Z  INFO main ThreadId(01) newengine_core::plugins::host_api: crates\newengine-core\src\plugins\host_api.rs: assets: importer discovered id='kalitech.import.txt.v1' type='kalitech.asset.text' priority=100 format='txt' method='import_text_v1' ext_hint=true exts=["md", "txt"]
2026-02-18T14:11:06.994072Z  INFO main ThreadId(01) newengine_core::plugins::host_api: crates\newengine-core\src\plugins\host_api.rs: assets: importer discovered id='kalitech.import.ui.v1' type='kalitech.asset.text' priority=100 format='ui' method='import_text_v1' ext_hint=true exts=["ui"]
2026-02-18T14:11:06.994234Z  INFO main ThreadId(01) newengine_core::plugins::host_api: crates\newengine-core\src\plugins\host_api.rs: assets: importer discovered id='kalitech.import.wgsl.v1' type='kalitech.asset.text' priority=100 format='wgsl' method='import_text_v1' ext_hint=true exts=["wgsl"]
2026-02-18T14:11:06.994385Z  INFO main ThreadId(01) newengine_core::plugins::host_api: crates\newengine-core\src\plugins\host_api.rs: assets: importer discovered id='kalitech.import.xml.v1' type='kalitech.asset.text' priority=100 format='xml' method='import_text_v1' ext_hint=true exts=["xml"]
2026-02-18T14:11:06.994557Z  INFO main ThreadId(01) newengine_core::plugins::host_api: crates\newengine-core\src\plugins\host_api.rs: assets: importer discovered id='kalitech.import.yaml.v1' type='kalitech.asset.text' priority=100 format='yaml' method='import_text_v1' ext_hint=true exts=["yaml", "yml"]
2026-02-18T14:11:06.994677Z  INFO main ThreadId(01) newengine_core::plugins::host_api: crates\newengine-core\src\plugins\host_api.rs: assets: importer loaded 'C:\Users\Aiden\Documents\Kayla's Systems\NewEngine\neocore2\target\debug\../../importers\textimporter-0.2.4-dev.dll'
2026-02-18T14:11:06.994798Z  INFO main ThreadId(01) newengine_core::plugins::host_api: crates\newengine-core\src\plugins\host_api.rs: assets: initialized
2026-02-18T14:11:06.994897Z  INFO main ThreadId(01) newengine_core::plugins::manager: crates\newengine-core\src\plugins\manager.rs: plugins: loaded id='assetManager' ver='0.2.5' from 'C:\Users\Aiden\Documents\Kayla's Systems\NewEngine\neocore2\target\debug\../../engineModules\assetManager-0.2.5-dev.dll'
2026-02-18T14:11:06.995020Z  INFO main ThreadId(01) newengine_core::plugins::manager: crates\newengine-core\src\plugins\manager.rs: plugins: loading 'C:\Users\Aiden\Documents\Kayla's Systems\NewEngine\neocore2\target\debug\../../engineModules\input-0.1.9-dev.dll'
2026-02-18T14:11:07.000887Z  INFO main ThreadId(01) newengine_core::plugins::host_api: crates\newengine-core\src\plugins\host_api.rs: input: initialized (events + gilrs)
2026-02-18T14:11:07.000976Z  INFO main ThreadId(01) newengine_core::plugins::manager: crates\newengine-core\src\plugins\manager.rs: plugins: loaded id='input' ver='0.1.9' from 'C:\Users\Aiden\Documents\Kayla's Systems\NewEngine\neocore2\target\debug\../../engineModules\input-0.1.9-dev.dll'
2026-02-18T14:11:07.001192Z  INFO main ThreadId(01) newengine_core::engine::timing: C:\Users\Aiden\Documents\Kayla's Systems\NewEngine\neocore2\crates\newengine-core\src\engine\timing.rs: plugins: done (phase=load count=2 elapsed_ms=13)
2026-02-18T14:11:07.170253Z  WARN main ThreadId(01) newengine_modules_render_vulkan_ash::vulkan::renderer::init: crates\newengine-modules-render-vulkan-ash\src\vulkan\renderer\init.rs: Vulkan validation layer not found; running without validation.
2026-02-18T14:11:07.314984Z DEBUG main ThreadId(01) newengine_core::engine::plugins: C:\Users\Aiden\Documents\Kayla's Systems\NewEngine\neocore2\crates\newengine-core\src\engine\plugins.rs: plugins: load skipped (already loaded)
2026-02-18T14:11:07.315103Z  INFO main ThreadId(01) newengine_core::engine::plugins: C:\Users\Aiden\Documents\Kayla's Systems\NewEngine\neocore2\crates\newengine-core\src\engine\plugins.rs: plugins: diagnostics tag='after module init' loaded=2
2026-02-18T14:11:07.315204Z  INFO main ThreadId(01) newengine_core::engine::plugins: C:\Users\Aiden\Documents\Kayla's Systems\NewEngine\neocore2\crates\newengine-core\src\engine\plugins.rs: plugins: diag [01/02] id='assetManager' ver='0.2.5' state='registered'
2026-02-18T14:11:07.315298Z  INFO main ThreadId(01) newengine_core::engine::plugins: C:\Users\Aiden\Documents\Kayla's Systems\NewEngine\neocore2\crates\newengine-core\src\engine\plugins.rs: plugins: diag [02/02] id='input' ver='0.1.9' state='registered'
2026-02-18T14:11:07.315414Z DEBUG main ThreadId(01) newengine_core::engine::plugins: C:\Users\Aiden\Documents\Kayla's Systems\NewEngine\neocore2\crates\newengine-core\src\engine\plugins.rs: plugins: diag.debug id='assetManager' ver='0.2.5' kind=Some(Runtime) caps=2 path='C:\Users\Aiden\Documents\Kayla's Systems\NewEngine\neocore2\target\debug\../../engineModules\assetManager-0.2.5-dev.dll'
2026-02-18T14:11:07.315509Z DEBUG main ThreadId(01) newengine_core::engine::plugins: C:\Users\Aiden\Documents\Kayla's Systems\NewEngine\neocore2\crates\newengine-core\src\engine\plugins.rs: plugins: diag.debug id='input' ver='0.1.9' kind=Some(Runtime) caps=2 path='C:\Users\Aiden\Documents\Kayla's Systems\NewEngine\neocore2\target\debug\../../engineModules\input-0.1.9-dev.dll'
2026-02-18T14:11:07.335859Z DEBUG main ThreadId(01) editor::render_controller::gpu: apps\editor\src\render_controller\gpu.rs: asset.read ok kind=text rel='shaders/editor_lit.vert' path='C:\Users\Aiden\Documents\Kayla's Systems\NewEngine\neocore2\assets\shaders/editor_lit.vert' bytes=297
2026-02-18T14:11:07.336010Z DEBUG main ThreadId(01) editor::render_controller::gpu: apps\editor\src\render_controller\gpu.rs: asset.read ok kind=text rel='shaders/editor_lit.frag' path='C:\Users\Aiden\Documents\Kayla's Systems\NewEngine\neocore2\assets\shaders/editor_lit.frag' bytes=391
2026-02-18T14:11:07.776838Z DEBUG main ThreadId(01) editor::render_controller::gpu: apps\editor\src\render_controller\gpu.rs: asset.read ok kind=text rel='shaders/editor_grid.vert' path='C:\Users\Aiden\Documents\Kayla's Systems\NewEngine\neocore2\assets\shaders/editor_grid.vert' bytes=274
2026-02-18T14:11:07.777057Z DEBUG main ThreadId(01) editor::render_controller::gpu: apps\editor\src\render_controller\gpu.rs: asset.read ok kind=text rel='shaders/editor_grid.frag' path='C:\Users\Aiden\Documents\Kayla's Systems\NewEngine\neocore2\assets\shaders/editor_grid.frag' bytes=124
